id,data_usage,data_plan
003500M7Q93CKG2je2,46.4,74
003500339Kgli7N5t9,24.33,63
003500oS7XRqSuGyQ2,46.6,88
0035003Xgg2dDhmjRB,43.01,93
003500Sr76b5k8V6n7,37.53,68
00350013N3k4H5ICng,56.01,72
003500RaRoz9F7h0E1,41.89,88
003500BGQMu6tBvkBO,13.81,73
0035005L9L6il5M069,34.69,79
0035008rcy57yumuP2,14.12,77
0035000L19GUIxvc3Y,23.87,94
0035003O1qhXg6R870,43.82,75
0035009iCQ14Zd8Ehu,48.06,61
003500N4AR9YgXz1bd,50.24,68
003500GOojWHIn4EOl,24.81,89
0035008aXB7XKrPmP8,46.22,81
003500gR8c9C6IMXj2,27.88,75
003500uK0PAjW9keUp,44.54,90
003500flk1N8d59J8O,50.94,85
0035005I6K3T3mFmtY,45.59,76
003500OvvjQA6saV20,28.41,73
00350098040043zVN8,55.46,99
003500F00np6ZIczKh,11.26,97
003500l3hW3o8G14uW,27.38,93
0035006Az5dq9S8h11,10.87,60
003500Y8z340Bu22bm,25.94,75
003500oNdm26460Oh6,11.14,71
003500ydrQ42clsNBt,26.87,72
00350077Tns52dd504,33.2,95
003500lVp9KJ4vFDvM,41.93,93
003500Q1THpJI1q4od,19.32,71
003500U5s4v0k5M6zQ,38.55,70
0035009vArDME34yjO,33.42,82
003500I2JVj0e32rc6,23.52,89
0035006hLm2gnw9qBc,42.8,84
0035006305els4r2Oa,49.86,87
003500uDsG2WCYNs3s,21.21,88
0035009y2VpvfwX5xX,37.07,84
003500Nl3uv4dHh9p9,59.43,84
003500R71ql360rQB1,27.77,72
00350040xG4s8O0d97,33.78,99
003500Dx5pB3939316,47.54,94
003500683z71wcV98h,33.57,81
003500L2opLW35xtPz,59.39,70
0035007Bo0aS32BJ45,49.76,88
003500fOugv88VcV16,32.23,91
0035008M0gEQ7tf84s,25.56,87
0035009S5V0F83IWEj,22.61,95
003500rT74o9UceN26,54.67,81
0035000TXz3w03I0LG,14.51,78
00350092JBia5iO8KP,12.99,93
003500TOi9xMNM5699,32.47,86
0035002LqcCzE3H31U,44.31,60
003500o7A9d4qPby31,46.41,88
003500fTITU7DGb30k,12.93,76
00350046v93XyUfh01,51.19,61
003500j0yhN2s03RWS,12.32,94
003500VDN5i3NkoGOW,35.27,100
003500scrhJs1HqjIE,13.94,66
003500h4JFxVwEiFD6,44.41,92
0035004a7wptJ4t96F,41.95,60
003500O0yRL1y9KvQD,24.31,62
0035001WqvubXH4X50,22.4,77
003500AsEpVJxOb9Qx,43.75,74
003500BDIa153NYoMD,36.66,60
003500Q51kh2LVX65V,41.48,72
0035004iivu1Gw2G33,26.38,100
00350003aY7Gxy6S7z,13.51,95
003500cm9UM26A9bU8,40.06,72
003500H6H2cdbS2fFZ,32.74,62
0035007kk5SX58ZKOz,37.04,93
003500Cj39nTG7BZ71,26.05,91
0035006fuL40B1Yyjb,23.52,86
003500uEoO3LAf359F,54.21,72
00350043o14C9clCly,37.67,97
003500FTtvKawXH41d,10.98,82
0035003rdPYx78xOcI,42.87,69
003500k0ao15ExTl4Y,44.44,96
003500lWD831KRT2qt,45.67,86
003500s2n63T7422Tl,21.97,73
0035000b1SfncoZGDd,39.97,100
003500QzsqP45hyRl2,48.93,74
003500NoX143wc0nZi,17.87,69
0035006m7mCVX2t9h7,22.72,100
0035005rpDObIEf7zh,44.38,78
003500BV5gQ6VBzYID,37.91,60
003500MJ8g855olhce,25.73,100
003500R2CFF8UZHKvG,35.83,81
0035004P3qHJ2ETHz6,59.3,86
0035003vwG00pU7KB6,31.98,64
003500689QgUW52WUQ,57.82,78
003500J2Zar50Y6xFU,29.22,61
003500w19O21j35cDi,13.03,99
003500V5GBRYFcVCF0,25.34,82
003500vc1qylNjU7qb,51.31,86
003500w93ohrIAHe0h,22.65,99
0035007Crh77lA618P,24.87,74
003500vwV8UWK8BXF6,20.79,83
0035007sh0XhWOc0uG,43.77,94
003500M2cE7oe9NFUZ,38.76,71
003500LsE3WgES1STt,48.57,92
003500rW0PlP1j33E3,36.44,100
003500D07gx51e0w49,55.7,100
003500T425ag5q836N,51.81,84
00350080ILlZGJ22zK,54.48,99
003500TQtpvoXQp1H3,31.72,69
003500IltcE351K71G,16.56,93
003500UVWe2t11d96D,12.54,84
003500Ld4VTzDIuJi0,42.96,79
00350038x1Q83nA5l6,42.07,60
003500Ww4dl3Xu35f4,48.69,84
003500oMXV4P569QRW,13.13,62
003500j7tuH99llaGq,41.77,84
003500I52Ck42S66hx,27.78,69
0035001O5jYk1YJw65,52.07,87
003500m4O17tFf15dh,37.26,67
003500Tmrdg1d8kEHS,56.32,69
003500LN5eoSW0mFKe,39.38,88
0035003Y7JEM54A8iT,12.79,70
003500N85rmM1UV7gZ,10.8,94
003500mbTQl0I7Ixw0,37.54,86
0035007Z1fSX6Dk4rQ,35.21,86
003500k4v23wk1Rk8x,49.04,81
00350029JrN3Uh23RO,24.27,65
0035006Bp2tK6QXd25,57.38,67
0035006UA878E03l1A,53.92,99
003500BSC86k8J7g01,26.43,60
003500Ad7GvPk53W3d,48.93,76
003500e47qH2X3BBcW,44.05,69
003500Xk03D69LZun2,24.09,100
003500yP5dn79m6urq,58.63,66
003500u3xBl6Uw4L7m,16.86,65
003500dxuF5cwjp07h,36.12,86
003500MC738MVUb81b,44.7,87
0035007zG2HV32Eh32,10.98,72
0035008IbR14se9TD9,49.06,79
003500Vw9xrDldby32,32.42,74
0035006DD2hq03LTUT,43.35,85
003500eslU3A7Fj7G3,17.68,62
00350084uo886DHrDb,37.39,85
003500a42212d5W826,34.17,73
0035004yKP4zzWisjH,26.25,75
003500L3KvJ13l7YIS,20.25,91
003500JbbH76Od1Tea,22.84,98
003500mMxW25G2R7QZ,52.16,100
0035002aAowk63QeJO,16.52,69
003500P9pODuN0jwtI,31.04,87
0035000tS8hz8AAlRg,25.67,77
003500MuNq358WbRs7,49.22,98
003500p6D3p0DWBa6O,57.64,89
003500rbHRuu2zrAR2,26.56,98
0035007d5ifYxgSYSh,25.12,83
003500tuUshz0KLxs9,45.59,98
0035006nK6uUMMk0Dg,53.53,61
003500KQcx1XK81UIW,23.82,61
003500N71o4owF86pt,59.12,76
0035008SZC9q6QjTdZ,11.47,71
003500v5o9O8C42L2q,26.05,98
0035006D3IuA7O0fsS,54.02,60
003500Z9Z4H9vD1m07,41.21,88
003500yYfKRIdkZAwK,58.44,82
003500q3th00hlURA0,43.99,84
0035006fDg6DFSm34e,26.43,65
003500ka7t61oU0n9B,55.84,72
003500Zs6s2zj1bo7k,21.0,79
003500Y0MEoDP7VLb9,52.48,83
003500EAt2wyw3IIgI,27.27,91
003500diigi29cu2vY,17.28,80
003500q9u08pt23wW0,18.22,93
0035007Ygt061hD3I4,51.57,73
003500vd2P39uD9A9F,51.99,83
0035001Biv15iSBQ77,11.25,83
0035007u37z527zb2B,14.19,96
003500WEyt13CtVgmT,54.93,91
0035002vJ4t6FuiEhl,34.24,65
0035004B752NfIz8xh,10.48,65
003500T07914RnCD1g,16.07,71
003500z929rT188Ihv,35.76,92
003500v941LL10YNMG,38.81,95
003500I6qGE48t5Fn2,37.68,79
003500856OnMVb4D0Y,28.25,69
003500t61dK52Zj1Zb,26.99,68
003500GQ2c0731aT97,36.95,90
003500log9I3624a0G,48.16,71
00350072n2l4n3qGn3,36.18,69
0035002AiPES5C5D76,57.17,68
0035006KUqtc29t6wY,51.85,98
003500MAf5FNFoUTtf,53.8,100
003500dg4X5NO3N7sU,17.8,62
003500lc4Tsyt8mqcm,37.58,84
003500vwnqy800Ml35,26.57,90
00350057vCb4sc4301,46.39,78
003500913ZDix7s5h3,57.45,81
003500A39T12EAwfje,15.75,76
003500OC3sNU3pyrrG,53.05,78
003500flQfOQxu3uFR,17.86,70
003500Un2g7d0CIV64,58.65,79
003500h5TGE5Q56Cl9,21.3,81
003500Y15Z1x0le33v,10.38,63
003500L7vJvQZSfiU2,15.2,96
003500uY9q3SmRn44F,31.12,97
003500P7ImOR6r5WDT,13.02,61
003500UYuJiK726qJ8,32.89,99
0035002460CKF72695,58.19,88
003500C822642I6m6w,57.71,64
003500UXAT931P60Lv,10.78,88
003500dqD85T7dGlFB,26.99,84
003500Q7t0aJLhkP17,32.8,84
003500RH41JjfM84YG,51.6,92
003500AW6l0t814Izh,48.69,66
003500P4JBAE7H0NuX,48.6,100
003500BEE1Ho6ME0PZ,55.0,94
0035004i5JgdLX89W7,28.7,65
003500h2F6bdOlI33z,23.61,67
003500V5ttgzfwq53W,13.46,77
003500w2C2Cp536aWt,18.0,65
003500oLKL95OQC2K2,27.87,97
00350053e63OZfRP60,51.51,75
00350086XAOlm5X11w,26.58,95
003500InKbEnCUG58r,27.34,97
003500S9LKFd3u5Mz4,22.35,74
00350086q3Y3ET68Yp,44.69,85
003500XE2ZuoB4LDVg,52.21,91
003500II4Rf3V6XMmL,54.46,75
003500JTc5050dCvcU,13.71,95
003500F082Z3r3MJ2S,32.92,86
00350031Kld8yClXC7,45.39,93
003500fgWvb2967PZ2,45.51,83
003500Oso0dLmOA649,16.43,89
003500N29qETM6vgCZ,40.18,97
003500LP1c4AB8FEke,22.91,71
003500Rqwk2MWbuy8t,27.47,73
00350069eVKyJMB91h,28.21,79
003500xde9K8qos2B0,53.08,99
003500hu7nSC08ap4A,19.58,98
003500W6n7zG9eOmxM,28.23,60
003500xjkifEGsc177,39.55,94
00350098bBJpI0tOEo,40.12,70
003500UaQAZbl2Td7d,17.24,96
00350096R1tGJKl884,51.89,61
0035009QYRaSHZxqQW,44.94,67
003500NwVjvLuK2mH3,52.61,62
003500395RWMk34B95,55.62,66
0035002vLukDdG6e9P,39.01,85
0035005U0LL59bs4pt,48.12,88
00350018qAt9pmP9ON,49.04,93
003500KW63uRwRLkv9,51.85,79
003500GWA45mF6GfWt,21.37,64
003500A1eIRd6B5s57,54.76,93
003500T4wyk7WU9j4p,41.44,84
003500J0L3E6j3CNfZ,15.01,91
003500TjX1Z09Sa135,54.38,81
00350039Bj8eVuc657,52.8,61
0035003c3jT2tlJtI5,17.18,77
003500mFZeu1edNk2l,23.52,93
003500OKDWwg91bEgW,58.43,80
003500nRdG2sp05ioj,56.85,98
003500hI7Cp4q74NmM,53.15,84
003500En0uYVN74XCE,56.43,89
003500se14JmU32YhW,24.12,72
0035001L6Rp0Pf25dG,28.9,90
0035000ytHv6vCrUoi,52.66,93
003500V4goNW9WdiL6,17.71,83
003500rJLf39z312O0,41.1,65
003500m3jjR3S8d408,43.78,60
003500F3HusU9PiDxb,27.81,61
0035001tu4eJNs2wwp,41.8,100
003500WNCFa8i9mLD8,53.22,83
003500j12IospCgI2a,32.62,67
003500hwIE9I5jWi7b,34.11,60
0035003ZVpsNlpn40V,40.34,89
003500vNk009Y7d355,24.7,85
003500pmFONlsf3bAe,54.79,61
0035009wUDRKg75Cfr,32.18,81
003500BvqRZqf3oA6a,28.82,62
0035004ik1s0svcOcT,42.13,67
003500igfHdh18x7dV,23.14,60
003500wL16l6fSv4Hd,11.32,86
003500zFesH2wD60xW,25.06,71
003500UapYfMDceIGr,57.93,62
0035006HKo3OTa0k7J,35.15,91
0035002s7Nq05EF8xD,48.61,98
003500NNi20dX5N48B,26.84,76
0035006W1b63W58xDD,30.78,83
003500dH1x9pVtV26u,49.59,64
003500ahT05CviC39Z,27.74,79
003500aum78SWcKyze,46.25,82
003500a5aJ1C4HX9WT,10.11,61
0035009a1f11C9aVaU,19.97,66
0035005Pz9N3OsIw9S,25.18,74
003500aI5YD5CG9V00,34.39,64
0035008TA9yOys0041,30.4,68
0035003Fl137Q3d3qv,29.6,74
003500gA6JnVljQ6C8,31.61,89
0035006J26t0jIB697,56.17,77
003500j8Zk5Ut311Yr,22.29,100
0035003QdbQV5ACTe8,17.27,80
003500Ao4iXrcpDurV,51.86,67
003500uC3ZpVOyL2tH,59.96,73
003500n0gb8ie40bb8,11.76,95
003500J68QFWrf7IWP,53.03,87
00350089PyAWZ0esRx,41.58,70
003500cShFUm3ac4gQ,52.83,63
00350001YmW09QK4zA,42.22,95
003500dJ715Xcp7LAk,24.38,64
003500N2zvLyaFQ82q,50.6,63
003500re29J3351kf9,31.0,75
003500o3sS96o99I43,25.95,72
0035007wc9l8dg3z6c,12.56,79
00350039yX48I6VkE6,44.15,69
0035007MEGFS38N55F,52.76,82
003500pMgt8vx52NOc,43.78,93
003500m8fqulK0dAm2,49.0,73
003500G74Gl81jIz88,47.52,89
003500AvnQ8h9sqtu2,49.58,83
003500173HM3eL5fTX,45.76,94
003500RUqMvos4Nfr1,14.04,79
003500Bd683eeSnZi9,36.37,60
003500LJ3eRQiwh8v0,37.65,63
003500T5fqoOt140A8,37.8,65
003500atxqDjOhTlG4,23.05,73
003500i2eMbdi03ylb,14.0,61
003500O695RaO6b8k0,45.42,61
003500viI6n6i7ow17,20.18,85
003500HvlMlTis3sMo,26.69,86
003500A8iV9tJQ68A5,44.62,87
003500HlE3SYSfR06T,39.83,86
0035009pspHe8rho3g,40.04,62
003500pvAqq5ZlWD18,11.91,87
003500tMWa6hLSZR7s,25.85,88
00350011T0WQN6L892,21.51,86
003500JZPp11t1JvtL,24.04,81
003500B3a6aixUq68F,42.72,72
003500xCzSIKo3g6Zp,54.24,85
003500MFEp0i330gOJ,42.97,88
003500aXNQm6foM9I3,45.72,94
003500Zyd0gg2ikv52,31.92,74
003500I5sFZp2866fG,57.01,86
003500ecp978m2TL64,46.16,84
003500b2dh3V1YOw6t,31.34,80
00350022Ue6a0fpQHC,50.28,87
003500WKc2KN176k85,12.11,91
003500QQM481GZ3NFj,29.12,79
003500zBujWw21I36n,37.97,77
003500K4u90zgQ7h9A,20.17,60
0035001zMjJu1E8KPd,23.7,84
003500M78lp53csb0X,55.05,83
0035001tt3BBU244ge,49.73,76
003500P5ys6aJwkuoN,14.49,90
0035000Lx0iLE6todJ,58.59,66
0035003rtMAN8hxEMr,44.81,70
003500kmv5rNGZ9rq1,15.45,60
003500uIYQTB26kwnB,15.18,86
00350058dSB2Z93Oyy,25.31,84
003500wiiA2ziXS033,44.85,67
003500g1I2j9g6nEVM,52.81,67
003500MauCd2t5Vt33,56.97,93
00350026J6V0AWLsd2,14.01,86
003500ZZbw99bMj0JS,55.49,86
003500tbLnm7H78RLQ,19.3,63
00350062Z0x939pqC8,15.87,73
0035002ly2fYan8V5J,37.97,71
003500Z5VY6kYsI5LJ,31.58,82
003500n77Oy1O8uXuO,45.52,63
00350084ZF3p08X4fS,24.46,61
0035003nK33vU0y5vS,28.87,77
003500i3DmdB6MVBr0,43.51,61
0035009XtDO64w1w2m,20.48,88
003500st68p4seDPXf,33.95,94
003500888a2jQtQBS6,59.15,93
0035006O8qH5W8AA3Z,13.14,87
0035008rYt02UMKZ8A,26.44,83
003500K4MLeS60SHJ6,35.75,84
003500v1G6SHz76Hy4,24.26,68
003500v7PpUn8jggx1,22.36,60
003500Z8iPgFVm3L5D,34.61,80
0035003ZSN3EjT1Dln,39.9,75
003500DbcXaJe64OE7,21.53,61
003500BPrAV0l3Os4g,51.25,79
003500LAoKnK9c4O2w,19.22,72
003500nriRxYFLNUNR,13.05,74
0035000AQ51SGIUaIJ,45.45,81
0035008h44XwbE21N8,42.43,87
003500IUQv80JmV4RS,59.08,81
0035008K7zi1d12Y4E,48.14,85
0035001rkz6EFX7eAg,51.85,64
0035009ebQVW06smS4,12.01,73
0035004CsBQ84jtADN,12.02,86
003500K9xL4gf1k8MV,14.43,89
00350098rfLkUlL4vM,37.23,72
00350015ExSP93wyqy,32.03,67
003500x1kOs78Z17Xe,31.62,92
003500xw1W1u0ZGqaL,54.13,72
0035001IvBl058a0uR,49.98,74
0035008tOwSsU7F6kx,54.81,62
0035004x8a8zs4EA1F,29.12,98
003500x4YZ2ccPNiF0,30.76,74
003500384Mno4Y0urE,34.14,100
0035002XykHpV9Iw1i,43.18,60
003500RmS3c5H433aB,42.6,71
003500oF1GvWfa2E2A,18.43,89
0035005WQA540B6q36,48.05,84
003500rN9g8Wa4yf6U,37.3,82
003500g2DxQOpBtXp7,28.9,61
003500B30gxJz6HLkg,33.64,94
003500Y3TSu0Us0pQX,46.4,94
003500332fMyiW4bSr,44.98,99
003500a1HStQ3n7Q1P,17.4,62
00350021Bf8xXV1399,55.78,69
00350072Fu4z80YkJb,35.83,94
0035009TKe2TX5O400,27.9,77
0035006g3DrEuX1irY,23.78,93
0035004Ocxfpy8d1PR,47.81,80
003500bcSG2KOnXTYZ,55.8,81
003500nk5Sw153L796,27.51,70
003500ou6m7nwoM97f,16.06,66
003500z3gvw5rI7575,20.05,63
0035009Hy8xWstsWZd,21.11,70
003500GrHQOL2gN4tk,51.74,75
003500s8xjcs5gSOp7,22.63,67
003500i0u6fS4TF5ob,41.55,85
0035006OEqU5BM8iIU,49.08,100
00350050FU62h93L2Y,40.56,99
003500RM8KG5TuAj18,34.63,74
003500UwMRXAT27ijt,22.61,80
003500dkfZapy8p1k6,13.75,80
0035000cR0E2vOfV9I,23.97,88
003500lR3NlUoOYb4T,40.39,99
003500l9pSvTJJtAJ1,15.07,63
003500tnz21UQ3nFgg,54.24,93
003500Z83a5bEctq30,48.38,77
003500gDN711iM7wUw,13.34,88
003500s56Sn5342hl2,59.5,79
003500J0I0Hp2ZIjXJ,53.07,100
003500dC1uSg7AVxO5,46.8,75
0035000cct2du76PK6,53.13,60
003500r92x0JB68FrW,49.85,66
003500il37mIF4FgH7,43.62,95
003500fH0wu7I96wPy,33.7,86
003500OxsizVzz30DU,13.85,94
0035004b80lnYawf8v,55.5,66
003500emxykY34PTXp,52.92,89
003500N2B93XlWF0jB,15.62,78
003500Ss682eYL8Jb8,35.67,85
0035005E90RTRaRZFi,57.67,86
003500mL8Wjgj0YOiT,46.97,95
003500CmJDUy2Z0y25,52.59,94
003500HqJvkA1hs98g,56.04,95
0035009po7cNb44080,25.36,85
00350098w3Oci5LXFK,34.16,87
003500T4nG07oeszvc,11.17,76
003500j1TnE9R6VFC2,20.8,94
003500tu83uv0QMijI,11.15,98
003500O4Vw8mX97YAT,58.62,69
003500eX85gHI1SFtP,25.62,100
003500KYwZ7bGySsY7,21.48,74
003500fx8rnDC6ws8x,41.95,70
003500VLReF3KzVS8l,52.22,71
0035001191jYWL583y,41.11,89
003500A24o2PH8GIw0,33.04,61
003500w6yaXe7E2P8f,13.15,99
003500iKoiifIO24fw,11.16,85
003500Lb6uVG7YKA0g,55.21,63
00350072m74A3t32p9,16.83,90
00350045A3bKaTMsTg,50.34,65
003500oVL7G00f8Z03,60.0,64
0035001gDF3Kx16TKI,23.01,63
00350005025X71HuU7,52.05,83
00350077276mVu8zlf,54.2,62
0035002f4phh10J135,16.72,61
003500jfvOM6nIc8aO,56.33,99
003500iz89fu9331OX,38.98,74
003500YG19aOSPOLB7,13.97,68
00350016n29oo4khP8,24.19,87
00350064p57IY8xO37,35.31,67
003500BX64bY9H09ay,32.69,78
0035009uSP25tlv1Kb,16.5,93
0035000WTotT1hZdzj,21.07,72
0035004ESVD6x3N2VZ,12.26,85
0035004CZ55874dM8f,56.71,62
0035004lWT0bi8Mb02,15.64,89
00350081HVSkl56w2f,54.95,100
0035004292uOsx1LUZ,22.9,78
003500e7SM5I5QFh54,57.5,71
00350057T1U2n8Zl6G,32.28,78
0035008Xw4lPx20b1P,28.14,77
00350021ei88r120kN,46.15,72
003500X5kSCHJ36jnH,49.01,80
0035008OPxC0Y4t2yT,45.33,61
003500QA4N9Q7mw8p9,13.43,68
003500NnIU0YurGi5R,33.81,79
003500FM733bKpykUb,30.45,71
00350025fH3m382U5i,47.33,82
003500q0w5kgaPd90p,43.3,87
003500rylCQjOkE03s,14.65,83
003500q9132n07K0BV,18.18,79
003500Zb16u5ZC2lXI,56.95,73
003500199Tm1DX32GC,51.34,97
003500VxAlzwUzKErs,30.55,78
003500k9zTpN29wGts,51.71,97
003500v405TS8Trvz2,59.47,87
003500S2H4s3T37yli,30.18,97
003500u08AyCR0d5T9,23.0,77
0035000kfOAP3f6q86,52.11,65
003500NJM3uu4GfR17,57.14,70
003500I3aho217qNoL,51.41,87
003500gt09EO29lWiF,42.77,69
0035005103UXST65YO,13.41,79
003500l7tvrc9G4AR2,59.08,98
0035001Jt1iGE89Gli,25.49,84
003500S0sw0KdVX0Pc,42.55,97
0035009PxIE8XUl8iF,16.62,66
003500VWPf5Et2364l,23.36,78
003500ZfFX1C6YsNML,24.16,70
0035006G04CHGVr2Vo,17.4,63
0035001PuG4n7yop3Z,52.74,66
0035007ck8vr313ojO,53.34,85
003500923Yd4sSY3V2,40.03,88
003500KIAOMVh037VR,18.32,72
003500Llpwq2ToWxx4,11.06,98
003500Ef5Gh03iE817,48.94,75
0035000h075s0PFhf1,19.24,63
003500FRgwQW3ZbxfQ,40.44,92
003500oOwL2rC19O8A,54.83,74
003500FVbw1142fbq6,32.13,74
003500Xh1xGI88tIby,47.21,90
0035006RWizoJy25w8,19.46,92
003500FJkUt0AYXQ50,42.16,90
0035004EUW2ZdF89I0,13.19,66
003500c2yn019wihgL,56.53,85
003500Ly5VNkbu83UL,27.15,60
003500ct501GE609TH,12.8,75
003500kbDJo0lijHnW,46.91,93
003500viWUPlNzMIxX,35.48,83
003500d3Ksk85lPF6U,43.59,93
0035007mxvk7w3sHym,53.77,69
00350043f8Q3Pf5rbA,18.63,94
00350083eid2k0G9eC,15.47,66
003500X7utuDkbM969,19.71,65
003500U4z30uZbB97W,20.77,89
003500uo4a57f5zCt2,36.08,80
0035008x0aemD0c17B,27.23,83
003500608Q65joyS1q,52.44,75
0035002YV3Rf7FolZ8,32.47,88
003500An3Wdvn9ittv,56.56,97
003500MAdCt2669Asd,44.06,76
003500bbxRG37v92nr,44.31,91
003500h2NF1MT9oLyo,33.08,98
003500l8KpawYdjIt8,55.96,62
003500eixePTfwZx6X,57.44,75
003500T0hv35NAbLp2,31.82,76
003500q8ah18C8MHk7,47.15,82
00350056LDM77ssts6,28.38,62
00350020b63yV5Sv13,38.69,84
003500Wvh5TBLB8hq1,59.21,73
003500NG12z9Nn3LU5,32.6,65
003500BOYb5OEUH455,37.8,90
003500sQ2ZIc647b3t,48.39,98
003500pp3HpfT34N12,53.88,65
003500X5UpnF320gMu,17.01,78
003500g5Jg43GFKsZ1,58.54,96
003500hqU1u5BZ4H0i,27.35,82
003500x97FXeko1Ta4,23.69,69
0035004CU6GdQdtwqG,53.99,70
003500Kjvx0rqu1832,36.26,100
003500bR47Xie0ghKx,13.56,71
003500nc2Xik69RO7g,24.37,79
003500G13TipebHTQu,30.99,86
0035005JDA8Jd38E42,47.98,65
003500C9NOfM403gH7,36.09,82
003500k37g84zehbdL,16.9,73
003500vPhe4u0a3788,15.33,64
003500iEDx2VU4soUv,52.97,70
003500CUxN9p85z3n4,46.52,72
003500n4rq9p7nlhcf,48.37,91
0035004eKQRAhpr070,48.36,84
003500QZuUuv21zf1J,54.5,90
003500r84T4zkK8xb2,39.62,83
0035005xklM0MO9Mgk,41.9,98
0035000Y783ZSAnYFG,12.35,68
0035004dNrG87mlX6e,26.07,71
003500dtbK9U27abPM,58.21,89
003500Mu9s1JN4Q6D1,34.54,90
003500C6tp95RK3M4D,23.85,83
003500Q2s1vEJ9Dw7K,34.29,96
003500Y1Bj7CroGM24,15.05,100
003500IX56rpt21Z4a,42.74,76
003500P351IXnjF8bQ,33.94,69
00350042w9X544DjKy,51.06,81
003500L5V7Z0w7NbmS,44.56,97
003500l5905y6nXfd1,47.07,73
003500sez63H7OJY1R,26.37,98
003500va1EOI0NWd02,35.55,63
003500jkqeMzsd50m5,44.28,69
003500Fs0pGtX87dJ9,38.79,87
0035007iB1md1qM90m,31.91,79
003500e8ACd53JHn8V,56.23,65
00350026tH54R2sRj7,34.08,73
003500LhRAcuwJxpBz,40.44,84
0035000s55b93o8m5y,47.87,97
003500qia36V43b243,43.17,67
003500eKt6R27r8l5x,59.59,70
003500VBW2FeR0K6uo,45.74,79
0035000Z9WKBUgbT5C,22.32,61
003500U3isxh8Q4CdS,28.65,82
0035002LO49KgJ6teM,56.28,73
003500udQ7PlQN09zb,10.14,62
003500VQUDKM9k30A5,56.63,65
003500I223Zq5EiY24,18.29,73
003500D9Sz0d5HOCWk,26.36,66
0035007UJju1264C80,56.62,73
0035005IELslBkD1VX,27.35,75
003500uXUb01Z9y6WC,52.11,91
003500WzAM7nZRf9k4,59.8,72
003500T3i6B71Xnzd2,16.69,99
0035004c4702Lyi9BA,56.67,72
003500827ij2R58zkh,51.0,87
00350043DT52gs2gR6,41.49,81
003500qLYLf2M9lEyh,15.64,63
00350018fm2S7HiP31,53.54,75
003500bZnpjVTw6QV5,36.17,83
003500rPjnGj552CWZ,22.11,72
00350072924f93r9V5,58.46,99
003500P7p7u6pA6og1,17.26,80
003500ufUoLLTA81dT,31.14,71
003500oLbu9h0adfsY,37.4,63
003500e3apjELX7021,36.92,64
003500BNWZ0iLhQwJ0,45.98,97
003500awEL91cIa0Lp,49.63,74
003500TGW6oRyDpl0e,16.55,73
0035002RrSg7SP3cAr,42.92,69
003500LgR4ZpcMC74R,11.58,64
00350075u1wq1qj6LT,16.07,98
003500CsitiV9Ng54R,28.78,100
0035008761x27b27KF,21.55,60
003500kQZ3n97UoR0b,21.67,84
003500aZoa231CI2RN,17.02,94
0035001v2AN8mAaBQz,12.89,77
003500t378q1pFgjh7,57.43,100
0035005cZP8a7zr8AT,44.34,79
00350007juH5Vm1Vyc,23.46,64
003500LC9BODEiuTzm,58.66,79
003500yBam6Qk2tb0j,48.99,72
003500Jq51E0M32ZYx,36.06,94
003500GFd2XfP8J8LB,20.0,61
003500iHQrqr7fjfzy,37.05,97
003500bz7XmcyvfIeA,41.36,91
003500P0s6k6UBz9e6,10.6,76
003500yYHEOOGs9ONJ,18.93,98
003500EaLU8y49c0dr,52.15,80
003500KAD1Rg52jlA4,55.32,71
003500rIzZWFcSYfZ4,58.87,64
003500WK7ukc8P5Zx6,20.77,60
003500LMBl7fiv20kH,36.92,71
003500GN58r0v4M4fW,10.03,60
003500V827eC3i0H6K,31.75,98
003500r3oyv6hD3LjX,57.38,74
003500P7FM1y5287iR,50.06,81
0035005pgMY4hK8mqp,28.69,74
00350016770n2gBxVV,13.94,93
003500ly0hIdyutxSG,37.76,85
00350003Llb0LG95Dr,14.03,77
003500Op9n07IAC4zh,33.76,93
003500Y36ow688p0Ww,43.52,73
003500KIh3532wjCb9,54.13,70
003500Kk5dPSwsY16R,39.58,71
003500guzYXbv26lDJ,17.14,88
0035003HiYoo1790Wu,10.64,97
0035003HDNx6k1t809,53.21,79
003500RCkyB1119SP8,24.98,71
003500I7W6UNK50r0L,33.13,73
003500Mgy862fHv4V9,23.92,63
0035006aEC57SS6538,42.28,73
003500M76Kvuu41N4w,20.59,87
003500u7PXn913FHom,31.07,79
003500NKCSs2L9PHtL,53.14,78
003500yWE2zQ0Q7y3Q,31.88,94
00350003rHTbZ7wrP7,40.51,75
0035007753zIHQ04yM,47.34,68
003500K2Jq90BA3nG8,56.24,70
003500DGNs8zl8mC8F,23.17,77
003500w0i76HMX4ce5,39.03,84
003500I40BOj6QDDE2,25.2,86
003500tkuecE22kmaO,26.4,79
003500wis1sp7RSNYB,16.38,92
003500z7HiN66M9tk4,42.22,66
003500Q5iNi8CLgvJ3,24.91,86
003500u1q0gBF00Co3,30.41,94
003500b7A24FJQp116,26.82,74
00350067Eyl9U0cl5F,32.84,60
0035000Fmo0AVjuOei,19.06,94
003500bc4ln30oVsmw,49.14,97
003500Z84V77TA6qR1,35.11,99
003500giiXfKQ6275u,47.43,93
003500lf0Fklu0aZ7k,44.31,81
00350078GPL10PwFZO,54.82,76
003500s0FzSieE3a8A,26.21,93
003500ZSnJBdE9wMnA,12.35,91
003500tgRXqGOhf3Xv,44.93,64
003500z3SG22VKkltB,18.01,68
0035000tNfQOU3289H,22.47,93
00350057ZuUy9x33ZX,22.05,66
003500n3Ds5FtcNDR6,40.33,96
003500M156J68NZa5f,48.95,61
003500cI396o5jAMGr,41.68,91
00350018wfzm6NTg48,18.59,88
003500hSRvM15mfUop,31.84,90
0035007qbF107MM1c2,36.52,77
00350007xCfpuFSo9s,35.55,85
0035002775B05Ix217,36.53,97
003500WI444kFdT9vl,40.75,68
003500Y95R8aHLye09,58.41,79
003500Dm4y3tywW57b,30.22,97
0035008IvQH4U13PBm,35.17,93
0035006Y9Y1ozON1c4,34.82,81
003500v6cf69C4l7k6,45.08,76
00350049a5cED8sZfw,56.22,76
0035008p2i9OPJ0v79,36.57,61
003500jl2Cu84MiDRG,37.1,86
003500Z0mrLA4fsJ6R,37.37,67
003500TC5IU5Oz8IJy,16.78,91
003500nHP4QFwNgMt7,29.86,71
003500e0vc1mo6uoyN,13.1,76
0035008902hLR78BBL,19.7,73
003500O7c8D93m16wE,23.9,86
0035005Wi8miH01aJL,59.45,69
003500r0G8XeL7dP63,43.2,72
0035007IT665nUf58t,56.12,61
00350037b9Q9IdE9vw,28.9,99
003500zaFsBws63pLj,59.75,96
003500UcKabu6ZxHg5,12.59,69
0035002AIUlEMa6itq,49.4,100
003500qsWZ4Zc9VU88,15.57,95
003500y1n0D6tNV5U1,17.21,76
003500Srgb6GY10LxE,21.35,63
0035003U9SMHPM1mAB,23.53,61
0035007RcAjs4sFGS6,54.41,89
003500iyWR4mPAzhXd,16.16,87
003500Jt863R5c8r94,19.71,84
003500RWA9m4183b7g,34.24,99
00350084k6bjl0KpGf,12.57,78
003500Ob7wKq6A84Z9,51.47,64
003500vE9RWsW2q4G9,25.79,67
0035007xZ71y1j70O9,27.3,67
0035003joVIu9vSQNw,50.34,83
003500x0jdTxPsQzuM,29.42,93
003500dr1Mbdv7iAXk,45.97,89
003500uhf01ik2iBi5,11.34,61
003500emX2KX1GGN82,39.07,90
003500I5Po30AJP6M2,55.39,91
003500dF4e4abH7jFN,52.6,88
003500yP0Y2YCob8kd,21.06,95
003500Micx917F1atg,54.35,74
0035002K3eHvjVGr95,33.13,94
003500H077tyZkVt27,53.01,100
003500UUU47zP74VWU,27.01,84
003500T3AFbMci9dfq,55.66,80
003500AXo41deY5q3x,59.72,70
003500BkaFX74w4gR5,46.43,93
003500h140Ec9b35UX,30.58,72
00350083mrX6H7uHo4,11.79,88
0035000o3nReb4v20Y,59.48,79
003500yYW4KZ3U2S0P,36.65,72
003500F2u5UHh4453y,24.71,87
003500aUy2aCM19l6G,46.29,86
003500C7nXk5l19h9k,40.93,80
003500g451zyA7TuD2,48.37,73
003500Vo93GM8nBq9z,31.04,70
003500D8dz9ZrJ5y7U,52.28,95
003500NDV6T08OQ85z,17.34,87
0035002G50oJ87FR79,14.65,87
003500J3Q96yz7IWr7,57.52,95
003500EjJY1b59MdZA,19.61,91
00350087k0l9ujM89u,48.39,83
003500MWIM7Btew4Cx,19.12,74
003500001RPc9EotPu,56.72,97
003500rVsN909Iq5g2,30.93,61
0035003Tb3yQV2MRtH,11.78,92
0035003wB1FHXcnNAB,22.54,85
003500orAYmoZ5d44o,35.25,84
003500ZxiH49v8wXWi,53.63,99
003500XO0B6f3gq38K,59.49,81
0035005Ku2l3T7V7N9,32.6,69
003500ebx220f79CQN,54.6,93
0035000MY0hwX7JN6v,55.59,99
0035002R1Kn8iE3Hzr,37.41,70
003500u0Y35y9ocba9,21.64,63
003500IbA8IW98703G,48.67,74
003500Yf8GLkATs7P6,18.94,96
003500aPB6ZnM7PbC1,10.91,78
003500NEaR241yPl4O,20.16,70
0035007PT8A05k6X6w,54.69,68
003500L54KQk4E7PEO,38.34,80
003500S5NvaKKZoOUD,11.92,90
003500wyGMNN9lsT85,56.86,65
0035008TN9Arlj9Rk6,32.33,63
003500q3VZq6EvX680,44.95,65
0035007J9MmtoyHN6O,46.0,95
0035007w13g0FOgjH0,22.33,97
003500783bQ2OUO8C1,58.56,90
00350055x0IuEeNwgb,54.21,89
003500EFjuKH1c2vj6,58.2,71
003500MuInHG2OMzGh,13.72,65
003500BfxrRo310q5C,15.39,72
003500bK8Sojk9v9TF,36.32,84
003500r1lfS5ciENWK,23.52,69
003500zw3jfmgkDaB7,47.42,79
003500v90QI0d4E2LE,12.92,65
003500Atgy21c3n3k3,30.86,94
003500z4S5V6DP3N05,12.48,96
003500FkPi61oLDN9m,10.34,66
003500I2WJ5yMIqBHG,54.38,74
0035000F8Q2hnR113p,57.9,94
003500bGxHmT3451M6,58.87,95
0035007Ok2x6C2xd11,16.81,69
003500l60OK0F5enO4,46.52,72
003500JOJ6efe43a5q,30.59,85
0035007LU9FUbkJrU3,57.96,66
003500E414783d6rmu,48.45,83
003500XAqDO7E7m3kT,51.67,83
003500cLL572j1t9Xy,16.18,83
00350081SpYV3Es9bK,12.99,87
0035007g72M83fh26n,15.2,83
003500nb6ag4jr8TV8,13.72,86
00350033Mh64S4W1p2,26.37,62
003500twhGWZ6dVjXk,12.81,82
0035004aZEsHF1gaU2,25.19,92
003500i1dWYb0xA46Z,12.69,63
003500Ki59eXfcF8wG,44.4,92
0035007DedCTkexc9E,20.87,87
0035005q8jpdplrDRs,37.76,79
0035005w4Iw9joW3zz,42.17,97
003500GfbIJ1J7IZxO,19.11,72
003500bRso0mELsXG8,37.82,62
0035009Qr39KpU3AXR,31.6,79
003500A1BBY19Eblv9,24.79,93
0035009UH42zTWv1J0,31.29,93
0035008RYDeWB9snPR,12.16,74
0035009z9ODOhwRb7w,47.21,75
0035009z0SHfSG9iy0,16.92,72
003500y5d5EVEk3Nk4,39.68,97
003500d0HARwL4BmU6,43.27,82
003500uVhAjX1qfw1V,56.37,71
0035009081Bt4PPePq,42.08,93
00350017m0323py3k4,45.7,77
0035002VzNcb9s1Kpq,37.23,80
0035005TOfR3cw3E6K,25.86,82
003500KH5585el7G5p,24.74,72
0035005o8yHNZqlb36,35.68,60
003500W88P8MbnLN2V,32.13,69
0035001qG8xHZy8vMH,45.76,65
0035004CVA3aRBa3fh,32.04,96
003500wTOyRaMGi59V,56.12,93
0035007T5S9oPr5231,56.36,64
003500f9tJst1ld92V,16.96,85
003500IVuYgZ4CDJiO,10.3,62
003500L3Ys7584c88i,27.62,85
0035007jl94si5Q3Cw,17.41,65
003500USTY85T3KQ4f,15.85,93
0035001zqf1WDL3l0N,57.46,83
0035007CjF4Mk7jMAA,38.28,82
003500JY74s3FgGrX7,50.13,81
003500FPEmv8l721l3,48.53,93
003500vs81e56rx7nq,25.63,80
003500Jzn6DmtoWH6n,38.8,80
00350040zizYj9A1ny,32.05,62
003500X96oSGvGeP80,50.46,86
003500RwA71J70tnZ7,17.61,60
003500K5MYD6hhTzX5,51.78,100
003500JII32LdyMkL6,10.76,91
0035007ONbzh75rA8i,55.34,99
00350022go27p6N1HQ,57.75,71
0035003pPieRg8DZJ7,11.26,98
003500338SElwLOJaH,10.8,90
00350042JJ7qK7l503,22.61,83
0035007Bt0rZRsT4J7,11.57,94
003500I7o2jY58yJT9,34.84,79
00350021MGdZJNx5SL,26.19,99
0035004k9Wmlzw2405,47.49,60
0035003F1LuB38Vx1H,34.19,72
0035000hm9yb1yR8cl,46.41,63
00350016R0V283n86c,45.22,91
003500x3p8T3USpEdC,12.53,76
003500u05LJr8f2u9n,27.99,76
0035000M2i4Ooe574h,12.15,100
0035003X6n7SOd4S3Y,25.41,95
003500U105pxCuzC48,50.46,76
003500seF83nQRI38z,57.38,79
003500S2ZJz8u3LvE9,33.26,77
003500crke5TM8XGQ7,44.15,68
0035007l5rZD8EZUew,47.68,74
003500t674tePj96t8,24.61,96
003500K8O6gYpSS06f,42.57,83
003500ahOjM66J9e53,25.3,62
0035006nBXuy70qjTo,12.4,99
003500Mw7nvIB971Ez,42.46,100
003500z8Ei4f51iI1M,19.81,62
0035006Dxyk6EbEm4e,59.22,61
00350097RmSv7cXi57,41.36,65
003500xKuE372Did9I,46.08,61
00350057eN0h29eaj8,33.41,74
003500KL9YE64cU4x4,39.25,88
00350013ToOKS8HZw3,33.39,74
003500h4SyV5eG4B8K,14.65,95
003500zoMfRzN9s33s,44.46,94
003500cXOGkuz4DW6T,25.41,93
00350042S87Kf9s59E,14.3,85
003500xpR18nkJByGY,43.9,76
003500bFpg9f6yE5b7,36.24,95
003500l4W4zZieJ0KZ,18.43,78
003500Tw1kUNp2YS1f,41.29,74
003500gAUNSBbr0za1,51.81,80
0035000DEyFL7M8mr1,47.87,92
003500mCz0aG2bheoF,48.29,80
003500Nrb7Zl1H6F59,35.19,61
003500LqYno87dkzD4,14.23,84
003500X3S8Wj8U1T4Y,40.67,79
003500U6GLH22I51H4,56.26,60
003500AQEu1V6v23VW,58.62,82
003500qGI633o359Hz,59.31,98
003500RPks45CxAOsV,22.05,64
003500XI2tS0f3pqUR,40.33,92
0035006jJE3pB99FV2,38.09,69
003500OF9IAKWbntuT,53.74,100
003500w2yUNtW9p342,34.86,73
003500oG080ZQ62fdG,25.74,85
003500wDzkcOIx3ej0,39.48,88
0035008SbDh5i6TWZE,10.14,82
003500DIUsnjavYm8V,26.37,66
003500Uyc268JtA49V,38.43,89
003500Qh6YudW7wwfZ,11.65,81
003500FiH82C9C86Ir,36.31,97
003500pEz07K05Omk5,53.01,66
003500H8Mq06w1Z6L1,49.28,77
003500M3b2zNnCiTAb,42.79,75
003500ddkUui7T002r,26.52,65
00350001a74B7uU6yZ,51.74,86
003500i7R8BkJ6xvpI,49.62,70
003500SNzg10eV2IKL,48.34,82
003500URn76xrU47fh,44.48,100
003500Fm25A1jaJ7Bp,40.51,89
003500R3g40XOKy1jV,59.62,60
003500A13Bd82h4CzK,34.12,63
