order_id,customer_id,date,status,amount
13956188,00350016770n2gBxVV,2024-12-22,shipped,8680.99
13956189,003500UXAT931P60Lv,2024-01-25,shipped,4523.04
13956190,003500AQEu1V6v23VW,2024-05-09,shipped,1812.8
13956191,003500a1HStQ3n7Q1P,2024-12-14,cancelled,1581.27
13956192,003500iKoiifIO24fw,2024-11-07,shipped,4831.83
13956193,003500v405TS8Trvz2,2024-05-26,shipped,366.5
13956194,003500GrHQOL2gN4tk,2024-06-01,shipped,7193.94
13956195,00350058dSB2Z93Oyy,2024-10-14,cancelled,8562.13
13956196,0035007Z1fSX6Dk4rQ,2024-05-22,delayed,2255.48
13956197,003500x3p8T3USpEdC,2024-12-22,shipped,429.48
13956198,0035007DedCTkexc9E,2024-09-17,cancelled,5926.33
13956199,00350003aY7Gxy6S7z,2024-09-05,shipped,6558.96
13956200,0035008rYt02UMKZ8A,2024-08-24,shipped,5912.17
13956201,003500cI396o5jAMGr,2024-09-07,shipped,8714.85
13956202,003500X5UpnF320gMu,2024-11-09,shipped,155.68
13956203,003500V4goNW9WdiL6,2024-07-15,cancelled,628.17
13956204,003500Q2s1vEJ9Dw7K,2024-04-17,shipped,357.97
13956205,003500XAqDO7E7m3kT,2024-08-17,shipped,7530.11
13956206,003500BDIa153NYoMD,2024-08-22,cancelled,8123.07
13956207,003500Dm4y3tywW57b,2024-03-07,shipped,1428.35
13956208,003500rVsN909Iq5g2,2024-01-20,shipped,1883.18
13956209,003500a5aJ1C4HX9WT,2024-05-30,shipped,2408.17
13956210,0035002VzNcb9s1Kpq,2024-09-20,shipped,8019.76
13956211,003500ZfFX1C6YsNML,2024-10-05,shipped,8076.1
13956212,0035000Fmo0AVjuOei,2024-07-07,shipped,1306.9
13956213,003500Kjvx0rqu1832,2024-04-23,shipped,2754.58
13956214,003500r92x0JB68FrW,2024-11-20,shipped,4037.5
13956215,003500I7W6UNK50r0L,2024-02-09,shipped,3095.54
13956216,003500395RWMk34B95,2024-04-19,delayed,3718.14
13956217,003500Llpwq2ToWxx4,2024-02-28,shipped,1220.21
13956218,003500mbTQl0I7Ixw0,2024-09-11,shipped,8596.88
13956219,003500M78lp53csb0X,2024-09-23,shipped,2059.53
13956220,003500L2opLW35xtPz,2024-11-14,shipped,5541.6
13956221,0035008rcy57yumuP2,2024-07-02,onhold,5259.74
13956222,003500WKc2KN176k85,2024-12-28,shipped,3987.19
13956223,003500NNi20dX5N48B,2024-02-25,shipped,5732.08
13956224,00350081HVSkl56w2f,2024-12-30,shipped,8711.05
13956225,0035006Az5dq9S8h11,2024-11-17,shipped,8000.0
13956226,003500lWD831KRT2qt,2024-10-13,shipped,8089.75
13956227,003500aXNQm6foM9I3,2024-11-26,shipped,3515.83
13956228,003500z3SG22VKkltB,2024-05-10,shipped,8689.59
13956229,003500T0hv35NAbLp2,2024-07-22,shipped,9371.12
13956230,003500XE2ZuoB4LDVg,2024-08-09,cancelled,3420.11
13956231,003500scrhJs1HqjIE,2024-08-20,cancelled,3890.06
13956232,003500V827eC3i0H6K,2024-08-25,shipped,5252.67
13956233,0035005U0LL59bs4pt,2024-07-30,shipped,376.76
13956234,003500iHQrqr7fjfzy,2024-09-08,shipped,1307.89
13956235,003500X7utuDkbM969,2024-11-19,shipped,8036.62
13956236,003500u0Y35y9ocba9,2024-10-11,shipped,9700.91
13956237,003500i1dWYb0xA46Z,2024-07-02,shipped,7540.44
13956238,003500N29qETM6vgCZ,2024-12-04,shipped,4576.94
13956239,003500A24o2PH8GIw0,2024-10-05,cancelled,8866.58
13956240,003500r0G8XeL7dP63,2024-04-11,shipped,9957.6
13956241,003500K9xL4gf1k8MV,2024-02-25,shipped,1601.4
13956242,0035000M2i4Ooe574h,2024-06-27,shipped,8179.01
13956243,003500a5aJ1C4HX9WT,2024-02-20,shipped,9469.48
13956244,003500k4v23wk1Rk8x,2024-06-26,shipped,8164.45
13956245,003500emxykY34PTXp,2024-10-31,shipped,6906.53
13956246,003500338SElwLOJaH,2024-02-15,shipped,3720.77
13956247,003500JII32LdyMkL6,2024-07-23,shipped,9602.86
13956248,0035000Y783ZSAnYFG,2024-12-14,cancelled,2417.81
13956249,003500N2zvLyaFQ82q,2024-09-14,shipped,9675.21
13956250,0035008M0gEQ7tf84s,2024-11-04,cancelled,4908.0
13956251,00350084k6bjl0KpGf,2024-01-29,shipped,1385.74
13956252,003500yYfKRIdkZAwK,2024-10-03,shipped,2212.5
13956253,0035002G50oJ87FR79,2024-10-02,shipped,9549.67
13956254,003500m8fqulK0dAm2,2024-03-03,delayed,4766.21
13956255,003500FJkUt0AYXQ50,2024-09-06,shipped,4062.88
13956256,003500C7nXk5l19h9k,2024-04-22,shipped,8207.04
13956257,003500qsWZ4Zc9VU88,2024-02-16,shipped,1195.89
13956258,003500I52Ck42S66hx,2024-02-05,shipped,7830.07
13956259,0035007IT665nUf58t,2024-12-20,shipped,8898.56
13956260,0035006Az5dq9S8h11,2024-12-10,shipped,2721.36
13956261,0035006RWizoJy25w8,2024-05-13,shipped,141.97
13956262,003500Un2g7d0CIV64,2024-10-15,shipped,3315.28
13956263,003500WI444kFdT9vl,2024-12-25,shipped,1719.4
13956264,003500nb6ag4jr8TV8,2024-04-17,shipped,4164.44
13956265,00350003rHTbZ7wrP7,2024-06-28,shipped,4466.78
13956266,003500I7W6UNK50r0L,2024-11-03,shipped,3534.04
13956267,0035009S5V0F83IWEj,2024-10-29,shipped,6686.77
13956268,003500k0ao15ExTl4Y,2024-02-23,shipped,668.67
13956269,003500GFd2XfP8J8LB,2024-09-18,shipped,3458.35
13956270,0035000TXz3w03I0LG,2024-09-23,shipped,8132.78
13956271,003500Oso0dLmOA649,2024-06-09,onhold,220.61
13956272,003500M7Q93CKG2je2,2024-09-13,shipped,5417.03
13956273,003500V4goNW9WdiL6,2024-12-23,delayed,7852.93
13956274,003500IbA8IW98703G,2024-08-27,shipped,5644.26
13956275,003500EjJY1b59MdZA,2024-01-15,shipped,7742.48
13956276,003500lVp9KJ4vFDvM,2024-10-12,shipped,7556.74
13956277,003500h2F6bdOlI33z,2024-05-15,shipped,7243.54
13956278,003500I5sFZp2866fG,2024-02-01,shipped,755.71
13956279,003500j8Zk5Ut311Yr,2024-06-06,shipped,1067.2
13956280,003500JTc5050dCvcU,2024-05-07,cancelled,2456.1
13956281,00350072n2l4n3qGn3,2024-07-08,shipped,8044.58
13956282,003500rylCQjOkE03s,2024-05-17,shipped,3009.54
13956283,003500v405TS8Trvz2,2024-04-08,shipped,4806.86
13956284,003500P4JBAE7H0NuX,2024-07-10,shipped,858.3
13956285,0035007w13g0FOgjH0,2024-07-03,shipped,2136.64
13956286,0035001WqvubXH4X50,2024-05-27,shipped,2177.41
13956287,003500Qh6YudW7wwfZ,2024-09-26,shipped,4099.8
13956288,0035008SZC9q6QjTdZ,2024-06-13,shipped,3202.98
13956289,003500sQ2ZIc647b3t,2024-08-26,cancelled,7969.04
13956290,0035009uSP25tlv1Kb,2024-12-08,shipped,4729.18
13956291,003500WEyt13CtVgmT,2024-01-14,shipped,7272.87
13956292,003500K4MLeS60SHJ6,2024-04-06,shipped,640.23
13956293,003500u1q0gBF00Co3,2024-03-24,shipped,5261.5
13956294,003500Y15Z1x0le33v,2024-03-07,shipped,6141.23
13956295,003500rJLf39z312O0,2024-11-14,shipped,7525.78
13956296,0035001Jt1iGE89Gli,2024-03-22,shipped,7023.43
13956297,0035003QdbQV5ACTe8,2024-06-12,shipped,434.62
13956298,003500RH41JjfM84YG,2024-07-25,delayed,9502.11
13956299,003500U3isxh8Q4CdS,2024-09-13,shipped,9244.02
13956300,003500qsWZ4Zc9VU88,2024-12-05,shipped,2871.03
13956301,00350098w3Oci5LXFK,2024-11-29,shipped,6804.99
13956302,003500rPjnGj552CWZ,2024-10-03,shipped,8542.16
13956303,003500tuUshz0KLxs9,2024-05-01,shipped,1174.46
13956304,0035006D3IuA7O0fsS,2024-09-07,shipped,9191.98
13956305,003500lWD831KRT2qt,2024-07-30,shipped,982.7
13956306,003500cShFUm3ac4gQ,2024-03-18,shipped,6678.04
13956307,003500KAD1Rg52jlA4,2024-02-19,shipped,3057.42
13956308,003500t61dK52Zj1Zb,2024-12-26,shipped,3747.05
13956309,003500L54KQk4E7PEO,2024-11-03,shipped,3029.1
13956310,003500A1BBY19Eblv9,2024-10-03,shipped,6075.56
13956311,003500y1n0D6tNV5U1,2024-03-23,shipped,8505.02
13956312,003500g5Jg43GFKsZ1,2024-05-20,shipped,5604.87
13956313,003500hI7Cp4q74NmM,2024-12-27,shipped,8995.2
13956314,0035007jl94si5Q3Cw,2024-08-25,onhold,215.42
13956315,003500Mu9s1JN4Q6D1,2024-09-19,shipped,524.07
13956316,0035009pspHe8rho3g,2024-05-04,cancelled,1483.42
13956317,003500oG080ZQ62fdG,2024-07-18,shipped,8331.28
13956318,003500IbA8IW98703G,2024-10-22,shipped,771.44
13956319,003500K5MYD6hhTzX5,2024-08-16,shipped,3642.95
13956320,003500NDV6T08OQ85z,2024-03-23,shipped,7695.81
13956321,003500QQM481GZ3NFj,2024-09-15,shipped,4875.4
13956322,003500oLKL95OQC2K2,2024-06-11,cancelled,9137.02
13956323,003500KQcx1XK81UIW,2024-01-09,shipped,2897.52
13956324,003500emX2KX1GGN82,2024-09-01,shipped,4746.54
13956325,00350092JBia5iO8KP,2024-01-09,shipped,5003.8
13956326,0035009Qr39KpU3AXR,2024-11-24,shipped,9688.9
13956327,003500WEyt13CtVgmT,2024-03-12,cancelled,9275.79
13956328,0035006HKo3OTa0k7J,2024-10-28,shipped,1710.46
13956329,0035004a7wptJ4t96F,2024-07-03,shipped,9393.91
13956330,00350097RmSv7cXi57,2024-03-17,shipped,8999.56
13956331,00350021ei88r120kN,2024-07-13,shipped,4876.93
13956332,003500AsEpVJxOb9Qx,2024-02-22,shipped,283.05
13956333,0035008TN9Arlj9Rk6,2024-10-07,shipped,8833.93
13956334,00350033Mh64S4W1p2,2024-07-08,shipped,2958.36
13956335,003500k0ao15ExTl4Y,2024-06-01,cancelled,405.4
13956336,0035006Dxyk6EbEm4e,2024-06-04,shipped,675.38
13956337,003500tMWa6hLSZR7s,2024-07-25,shipped,1723.05
13956338,003500DGNs8zl8mC8F,2024-01-15,cancelled,5753.69
13956339,003500OF9IAKWbntuT,2024-06-12,cancelled,4196.78
13956340,003500ufUoLLTA81dT,2024-05-24,shipped,9897.11
13956341,003500X5kSCHJ36jnH,2024-01-16,shipped,4817.38
13956342,003500gt09EO29lWiF,2024-12-23,shipped,438.53
13956343,003500WK7ukc8P5Zx6,2024-01-04,shipped,5297.42
13956344,0035009a1f11C9aVaU,2024-12-01,shipped,4936.54
13956345,003500Zs6s2zj1bo7k,2024-07-19,shipped,4546.19
13956346,003500ZfFX1C6YsNML,2024-09-26,shipped,8356.69
13956347,003500I5Po30AJP6M2,2024-03-20,shipped,4352.93
13956348,003500B30gxJz6HLkg,2024-08-03,shipped,1333.18
13956349,00350057T1U2n8Zl6G,2024-04-16,cancelled,3783.65
13956350,003500iyWR4mPAzhXd,2024-07-03,shipped,3564.97
13956351,003500seF83nQRI38z,2024-02-24,shipped,885.64
13956352,003500JOJ6efe43a5q,2024-12-25,shipped,1736.77
13956353,003500nriRxYFLNUNR,2024-02-27,shipped,1968.93
13956354,00350072n2l4n3qGn3,2024-11-25,shipped,5025.96
13956355,003500h5TGE5Q56Cl9,2024-08-08,shipped,7245.03
13956356,00350022Ue6a0fpQHC,2024-11-04,onhold,741.84
13956357,003500j8Zk5Ut311Yr,2024-01-19,cancelled,5096.09
13956358,003500k37g84zehbdL,2024-04-17,shipped,4083.95
13956359,00350078GPL10PwFZO,2024-11-22,shipped,4574.35
13956360,003500oVL7G00f8Z03,2024-11-03,shipped,5101.54
13956361,003500lR3NlUoOYb4T,2024-11-02,shipped,8749.27
13956362,003500oG080ZQ62fdG,2024-02-06,delayed,664.05
13956363,003500z8Ei4f51iI1M,2024-01-28,shipped,5939.24
13956364,003500BPrAV0l3Os4g,2024-09-14,shipped,3882.61
13956365,003500I3aho217qNoL,2024-05-23,cancelled,8927.71
13956366,0035001zqf1WDL3l0N,2024-01-27,shipped,1994.87
13956367,0035000L19GUIxvc3Y,2024-10-06,shipped,3215.78
13956368,003500pmFONlsf3bAe,2024-07-09,shipped,1945.63
13956369,003500Ly5VNkbu83UL,2024-12-25,shipped,2406.25
13956370,003500MuNq358WbRs7,2024-03-20,shipped,5974.77
13956371,003500dC1uSg7AVxO5,2024-06-27,shipped,5788.99
13956372,0035005pgMY4hK8mqp,2024-04-12,shipped,6971.81
13956373,003500iEDx2VU4soUv,2024-05-25,shipped,6197.62
13956374,0035002LqcCzE3H31U,2024-03-02,shipped,8941.01
13956375,0035008IvQH4U13PBm,2024-09-04,shipped,4731.03
13956376,0035009Qr39KpU3AXR,2024-10-25,shipped,192.52
13956377,003500hSRvM15mfUop,2024-07-26,shipped,8676.65
13956378,003500y1n0D6tNV5U1,2024-08-20,cancelled,3408.95
13956379,003500mMxW25G2R7QZ,2024-05-02,shipped,4849.89
13956380,003500pmFONlsf3bAe,2024-07-21,shipped,6314.97
13956381,003500XAqDO7E7m3kT,2024-06-03,shipped,1883.83
13956382,0035000Fmo0AVjuOei,2024-01-20,shipped,462.84
13956383,003500rJLf39z312O0,2024-11-27,shipped,8926.27
13956384,0035006Dxyk6EbEm4e,2024-09-02,shipped,2721.65
13956385,003500scrhJs1HqjIE,2024-05-19,shipped,132.85
13956386,003500Qh6YudW7wwfZ,2024-02-25,delayed,4470.63
13956387,0035007T5S9oPr5231,2024-05-16,shipped,4034.84
13956388,003500MuInHG2OMzGh,2024-09-26,cancelled,3521.8
13956389,0035004i5JgdLX89W7,2024-02-10,shipped,5726.46
13956390,003500il37mIF4FgH7,2024-08-06,shipped,749.11
13956391,00350042w9X544DjKy,2024-10-15,shipped,559.32
13956392,0035000Y783ZSAnYFG,2024-07-13,shipped,9418.57
13956393,003500rW0PlP1j33E3,2024-07-05,shipped,8253.94
13956394,003500oF1GvWfa2E2A,2024-10-28,cancelled,4762.88
13956395,003500V4goNW9WdiL6,2024-06-24,cancelled,3834.3
13956396,003500kbDJo0lijHnW,2024-09-18,cancelled,5022.38
13956397,00350053e63OZfRP60,2024-10-03,shipped,117.68
13956398,0035003vwG00pU7KB6,2024-03-18,shipped,9947.27
13956399,003500LgR4ZpcMC74R,2024-10-12,shipped,2215.35
13956400,003500wTOyRaMGi59V,2024-02-28,shipped,3353.53
13956401,003500FM733bKpykUb,2024-09-26,shipped,1831.02
13956402,003500G13TipebHTQu,2024-09-11,cancelled,6326.02
13956403,0035001WqvubXH4X50,2024-05-28,cancelled,1108.14
13956404,0035005WQA540B6q36,2024-09-10,shipped,5862.61
13956405,0035007753zIHQ04yM,2024-01-05,shipped,9228.53
13956406,003500dg4X5NO3N7sU,2024-08-02,shipped,5143.3
13956407,003500OKDWwg91bEgW,2024-09-16,cancelled,502.37
13956408,0035000Z9WKBUgbT5C,2024-03-31,shipped,9602.65
13956409,003500HqJvkA1hs98g,2024-10-22,shipped,8753.34
13956410,003500UcKabu6ZxHg5,2024-10-25,shipped,4365.14
13956411,00350016770n2gBxVV,2024-06-27,shipped,5844.15
13956412,003500ly0hIdyutxSG,2024-05-01,shipped,2181.2
13956413,003500F00np6ZIczKh,2024-10-08,cancelled,443.09
13956414,003500h4SyV5eG4B8K,2024-12-14,onhold,1306.49
13956415,003500JTc5050dCvcU,2024-12-09,shipped,1859.68
13956416,003500y5d5EVEk3Nk4,2024-08-01,shipped,4030.46
13956417,0035006Az5dq9S8h11,2024-12-09,shipped,1247.36
13956418,003500XI2tS0f3pqUR,2024-10-22,shipped,2609.19
13956419,003500EAt2wyw3IIgI,2024-01-24,shipped,8818.39
13956420,003500Z9Z4H9vD1m07,2024-05-16,shipped,6655.16
13956421,0035007ck8vr313ojO,2024-09-15,shipped,8934.41
13956422,0035006J26t0jIB697,2024-07-13,shipped,8926.45
13956423,003500DGNs8zl8mC8F,2024-07-28,shipped,7594.1
13956424,0035008rcy57yumuP2,2024-05-09,shipped,9320.94
13956425,003500UUU47zP74VWU,2024-03-10,shipped,625.78
13956426,003500cXOGkuz4DW6T,2024-11-30,shipped,624.86
13956427,003500g1I2j9g6nEVM,2024-05-22,shipped,5205.23
13956428,003500oG080ZQ62fdG,2024-09-12,shipped,6968.99
13956429,0035007Ok2x6C2xd11,2024-02-18,shipped,4845.98
13956430,003500wis1sp7RSNYB,2024-08-31,shipped,9685.99
13956431,003500i2eMbdi03ylb,2024-05-19,shipped,4947.34
13956432,003500uEoO3LAf359F,2024-02-17,shipped,6669.6
13956433,003500T5fqoOt140A8,2024-10-04,shipped,1641.62
13956434,003500tu83uv0QMijI,2024-03-13,shipped,6837.62
13956435,0035003joVIu9vSQNw,2024-04-27,cancelled,8282.17
13956436,003500RWA9m4183b7g,2024-01-09,shipped,8032.08
13956437,003500I7o2jY58yJT9,2024-12-10,shipped,2803.45
13956438,0035007ONbzh75rA8i,2024-10-15,shipped,8297.96
13956439,0035003Y7JEM54A8iT,2024-06-27,cancelled,1055.4
13956440,00350077Tns52dd504,2024-01-24,shipped,305.91
13956441,0035008OPxC0Y4t2yT,2024-02-03,cancelled,440.62
13956442,003500ou6m7nwoM97f,2024-08-03,cancelled,7637.54
13956443,003500pmFONlsf3bAe,2024-08-18,shipped,3321.85
13956444,003500IUQv80JmV4RS,2024-01-07,shipped,2617.4
13956445,00350084uo886DHrDb,2024-02-17,shipped,5701.95
13956446,003500C9NOfM403gH7,2024-06-14,shipped,176.96
13956447,003500Q2s1vEJ9Dw7K,2024-09-15,shipped,4166.58
13956448,003500AW6l0t814Izh,2024-06-10,shipped,6522.25
13956449,003500Bd683eeSnZi9,2024-10-04,shipped,9583.88
13956450,003500GQ2c0731aT97,2024-01-07,shipped,3707.47
13956451,003500Lb6uVG7YKA0g,2024-08-14,shipped,2217.2
13956452,003500B3a6aixUq68F,2024-12-14,shipped,5484.02
13956453,003500kQZ3n97UoR0b,2024-04-30,shipped,2183.05
13956454,003500N85rmM1UV7gZ,2024-12-21,cancelled,379.16
13956455,003500nRdG2sp05ioj,2024-09-19,shipped,4737.96
13956456,003500K4MLeS60SHJ6,2024-04-29,shipped,6237.7
13956457,003500uC3ZpVOyL2tH,2024-12-27,shipped,8532.59
13956458,003500WI444kFdT9vl,2024-05-04,shipped,2949.06
13956459,003500qsWZ4Zc9VU88,2024-01-06,shipped,5592.33
13956460,003500LJ3eRQiwh8v0,2024-05-08,shipped,8354.78
13956461,003500zaFsBws63pLj,2024-09-11,shipped,9895.45
13956462,00350049a5cED8sZfw,2024-01-19,shipped,3290.27
13956463,003500HlE3SYSfR06T,2024-09-16,shipped,8422.74
13956464,003500LMBl7fiv20kH,2024-05-05,cancelled,3584.36
13956465,003500VLReF3KzVS8l,2024-11-14,shipped,1208.98
13956466,003500VBW2FeR0K6uo,2024-05-10,shipped,8178.12
13956467,003500LAoKnK9c4O2w,2024-12-13,shipped,1264.47
13956468,0035000hm9yb1yR8cl,2024-01-13,cancelled,6269.13
13956469,0035009Hy8xWstsWZd,2024-10-31,cancelled,2322.53
13956470,0035000TXz3w03I0LG,2024-08-31,shipped,8678.1
13956471,003500i0u6fS4TF5ob,2024-06-16,shipped,4647.36
13956472,0035001tt3BBU244ge,2024-03-21,shipped,7478.55
13956473,003500dqD85T7dGlFB,2024-11-29,shipped,560.35
13956474,00350007juH5Vm1Vyc,2024-08-31,onhold,5286.8
13956475,003500NwVjvLuK2mH3,2024-05-16,shipped,660.15
13956476,0035000Z9WKBUgbT5C,2024-04-11,delayed,7329.01
13956477,003500P5ys6aJwkuoN,2024-09-03,shipped,4495.33
13956478,00350013N3k4H5ICng,2024-01-13,cancelled,1774.93
13956479,00350021MGdZJNx5SL,2024-02-13,shipped,3520.97
13956480,00350058dSB2Z93Oyy,2024-11-17,shipped,4770.72
13956481,003500yYW4KZ3U2S0P,2024-09-13,cancelled,7735.05
13956482,003500kmv5rNGZ9rq1,2024-08-08,shipped,3884.32
13956483,003500va1EOI0NWd02,2024-01-04,shipped,3815.7
13956484,0035006HKo3OTa0k7J,2024-05-04,shipped,3611.5
13956485,003500WNCFa8i9mLD8,2024-08-21,shipped,4771.12
13956486,003500yP0Y2YCob8kd,2024-04-15,shipped,4562.0
13956487,0035000cct2du76PK6,2024-04-12,shipped,1670.17
13956488,003500856OnMVb4D0Y,2024-09-15,shipped,3320.49
13956489,003500888a2jQtQBS6,2024-05-19,cancelled,882.46
13956490,003500giiXfKQ6275u,2024-08-02,shipped,616.66
13956491,00350057eN0h29eaj8,2024-11-09,shipped,7892.78
13956492,0035001Jt1iGE89Gli,2024-09-28,shipped,321.12
13956493,003500x4YZ2ccPNiF0,2024-12-05,cancelled,8013.62
13956494,003500rT74o9UceN26,2024-10-19,shipped,8594.35
13956495,0035002LqcCzE3H31U,2024-01-07,onhold,8075.38
13956496,003500vE9RWsW2q4G9,2024-02-19,cancelled,8911.43
13956497,003500vd2P39uD9A9F,2024-11-16,shipped,2286.37
13956498,003500ZZbw99bMj0JS,2024-10-23,shipped,3756.27
13956499,003500m4O17tFf15dh,2024-06-01,shipped,5157.08
13956500,003500cShFUm3ac4gQ,2024-07-19,shipped,6742.18
13956501,003500KAD1Rg52jlA4,2024-03-12,shipped,7751.87
13956502,003500q8ah18C8MHk7,2024-12-30,shipped,990.96
13956503,003500h4SyV5eG4B8K,2024-03-12,shipped,4940.98
13956504,003500uC3ZpVOyL2tH,2024-09-20,shipped,7973.19
13956505,0035003nK33vU0y5vS,2024-05-01,cancelled,4525.03
13956506,003500v90QI0d4E2LE,2024-10-05,shipped,5204.34
13956507,003500I7W6UNK50r0L,2024-05-02,shipped,5069.96
13956508,003500332fMyiW4bSr,2024-04-21,onhold,7562.65
13956509,0035007d5ifYxgSYSh,2024-11-28,shipped,5794.35
13956510,003500b7A24FJQp116,2024-12-03,cancelled,8614.24
13956511,003500R2CFF8UZHKvG,2024-07-23,shipped,7524.55
13956512,00350016770n2gBxVV,2024-04-29,shipped,1643.54
13956513,003500Atgy21c3n3k3,2024-01-28,shipped,3069.31
13956514,00350096R1tGJKl884,2024-04-06,shipped,2888.93
13956515,0035007wc9l8dg3z6c,2024-07-17,shipped,6471.51
13956516,003500GFd2XfP8J8LB,2024-01-09,shipped,3986.28
13956517,003500Q51kh2LVX65V,2024-07-02,shipped,535.04
13956518,003500Z8iPgFVm3L5D,2024-09-06,shipped,4964.22
13956519,0035006Az5dq9S8h11,2024-11-22,shipped,4917.16
13956520,003500viWUPlNzMIxX,2024-02-22,shipped,3209.77
13956521,0035007ck8vr313ojO,2024-04-28,onhold,1193.72
13956522,003500qia36V43b243,2024-11-20,shipped,2848.43
13956523,003500U105pxCuzC48,2024-04-20,shipped,8067.65
13956524,0035009po7cNb44080,2024-11-25,shipped,2739.93
13956525,0035003wB1FHXcnNAB,2024-09-27,shipped,6479.84
13956526,003500JTc5050dCvcU,2024-12-24,shipped,296.03
13956527,003500RmS3c5H433aB,2024-05-14,cancelled,5062.47
13956528,003500RwA71J70tnZ7,2024-03-27,shipped,4806.98
13956529,003500dr1Mbdv7iAXk,2024-10-25,shipped,4613.14
13956530,003500Ww4dl3Xu35f4,2024-09-22,cancelled,8504.96
13956531,003500wDzkcOIx3ej0,2024-05-25,shipped,4992.99
13956532,003500hSRvM15mfUop,2024-05-21,shipped,2477.32
13956533,003500j7tuH99llaGq,2024-07-28,shipped,3011.27
13956534,003500Z83a5bEctq30,2024-01-16,cancelled,680.22
13956535,00350020b63yV5Sv13,2024-11-17,shipped,8332.95
13956536,003500lWD831KRT2qt,2024-04-05,shipped,4395.05
13956537,003500UYuJiK726qJ8,2024-08-04,shipped,5564.11
13956538,0035007PT8A05k6X6w,2024-08-28,shipped,8785.81
13956539,003500z929rT188Ihv,2024-08-11,shipped,4636.33
13956540,003500UUU47zP74VWU,2024-09-15,shipped,9744.62
13956541,003500AsEpVJxOb9Qx,2024-01-05,shipped,8814.25
13956542,00350072Fu4z80YkJb,2024-11-24,shipped,6614.67
13956543,003500P9pODuN0jwtI,2024-10-19,cancelled,3514.02
13956544,003500AvnQ8h9sqtu2,2024-11-15,shipped,7290.79
13956545,00350031Kld8yClXC7,2024-03-03,shipped,3439.95
13956546,0035003X6n7SOd4S3Y,2024-02-18,shipped,5383.98
13956547,003500I223Zq5EiY24,2024-02-11,shipped,8487.54
13956548,0035005cZP8a7zr8AT,2024-11-22,shipped,2154.81
13956549,00350017m0323py3k4,2024-05-24,delayed,5996.74
13956550,003500il37mIF4FgH7,2024-04-20,cancelled,4271.28
13956551,0035007qbF107MM1c2,2024-08-24,shipped,3297.79
13956552,003500tgRXqGOhf3Xv,2024-11-02,shipped,9287.5
13956553,003500oLKL95OQC2K2,2024-05-21,shipped,4785.5
13956554,003500flk1N8d59J8O,2024-08-26,shipped,4226.4
13956555,0035005U0LL59bs4pt,2024-03-04,shipped,2839.11
13956556,003500R71ql360rQB1,2024-01-24,shipped,7299.5
13956557,003500L5V7Z0w7NbmS,2024-02-25,shipped,2985.2
13956558,003500MC738MVUb81b,2024-12-30,shipped,5324.23
13956559,003500CmJDUy2Z0y25,2024-01-15,shipped,6183.14
13956560,00350072m74A3t32p9,2024-08-06,shipped,7937.84
13956561,0035009UH42zTWv1J0,2024-10-25,cancelled,3731.08
13956562,0035001191jYWL583y,2024-07-19,shipped,6907.09
13956563,0035007LU9FUbkJrU3,2024-04-01,shipped,260.18
13956564,00350038x1Q83nA5l6,2024-12-13,shipped,7752.19
13956565,003500u1q0gBF00Co3,2024-05-08,shipped,6436.79
13956566,003500l60OK0F5enO4,2024-07-05,shipped,2048.21
13956567,003500il37mIF4FgH7,2024-05-05,shipped,1302.28
13956568,00350029JrN3Uh23RO,2024-01-29,shipped,8550.08
13956569,003500jkqeMzsd50m5,2024-03-26,shipped,3064.88
13956570,003500URn76xrU47fh,2024-08-29,shipped,2651.32
13956571,003500689QgUW52WUQ,2024-12-07,shipped,2581.74
13956572,0035009uSP25tlv1Kb,2024-11-01,shipped,5689.24
13956573,0035008tOwSsU7F6kx,2024-06-05,delayed,482.46
13956574,003500Fm25A1jaJ7Bp,2024-12-27,shipped,8310.77
13956575,0035005q8jpdplrDRs,2024-12-22,shipped,7743.58
13956576,003500Qh6YudW7wwfZ,2024-03-13,shipped,8578.13
13956577,003500u08AyCR0d5T9,2024-07-07,shipped,4270.12
13956578,003500Jt863R5c8r94,2024-03-10,shipped,8937.84
13956579,003500E414783d6rmu,2024-12-16,shipped,1988.45
13956580,003500c2yn019wihgL,2024-04-01,shipped,3178.86
13956581,003500oLKL95OQC2K2,2024-05-06,shipped,3736.83
13956582,0035007ck8vr313ojO,2024-10-17,shipped,9261.63
13956583,0035007Crh77lA618P,2024-09-22,shipped,582.71
13956584,0035007Z1fSX6Dk4rQ,2024-10-16,shipped,7675.38
13956585,0035006305els4r2Oa,2024-07-13,shipped,6057.92
13956586,00350083mrX6H7uHo4,2024-01-21,shipped,268.62
13956587,003500viI6n6i7ow17,2024-04-13,shipped,430.22
13956588,0035005xklM0MO9Mgk,2024-09-06,cancelled,8241.89
13956589,0035008aXB7XKrPmP8,2024-01-01,shipped,9080.97
13956590,003500RmS3c5H433aB,2024-05-08,shipped,6966.09
13956591,003500e7SM5I5QFh54,2024-05-28,shipped,4111.6
13956592,003500En0uYVN74XCE,2024-03-15,shipped,4946.44
13956593,003500log9I3624a0G,2024-08-22,cancelled,7674.46
13956594,003500ydrQ42clsNBt,2024-04-19,shipped,1945.75
13956595,0035006fDg6DFSm34e,2024-07-23,shipped,830.41
13956596,003500KW63uRwRLkv9,2024-11-17,cancelled,9732.49
13956597,0035007753zIHQ04yM,2024-05-04,shipped,3814.01
13956598,003500Zb16u5ZC2lXI,2024-04-18,shipped,7992.6
13956599,003500M3b2zNnCiTAb,2024-12-21,shipped,476.95
13956600,003500Tw1kUNp2YS1f,2024-12-11,shipped,6066.57
13956601,003500cShFUm3ac4gQ,2024-05-28,cancelled,4270.26
13956602,003500iEDx2VU4soUv,2024-07-18,shipped,7150.25
13956603,00350072m74A3t32p9,2024-01-25,shipped,8596.05
13956604,00350045A3bKaTMsTg,2024-07-07,shipped,5569.18
13956605,0035006Y9Y1ozON1c4,2024-09-11,shipped,4024.04
13956606,003500D07gx51e0w49,2024-05-23,onhold,5124.5
13956607,003500lf0Fklu0aZ7k,2024-11-28,shipped,1582.0
13956608,003500r1lfS5ciENWK,2024-07-03,shipped,5867.82
13956609,0035009PxIE8XUl8iF,2024-09-21,shipped,7953.11
13956610,00350075u1wq1qj6LT,2024-01-03,cancelled,1717.46
13956611,0035008p2i9OPJ0v79,2024-06-25,cancelled,838.22
13956612,003500Q2s1vEJ9Dw7K,2024-01-08,shipped,1105.47
13956613,0035002XykHpV9Iw1i,2024-08-28,shipped,9629.86
13956614,00350013ToOKS8HZw3,2024-09-22,shipped,7543.74
13956615,003500T0hv35NAbLp2,2024-03-04,shipped,2374.84
13956616,003500vs81e56rx7nq,2024-06-10,shipped,9403.3
13956617,0035008SbDh5i6TWZE,2024-04-14,shipped,4850.22
13956618,0035000Fmo0AVjuOei,2024-09-22,shipped,942.32
13956619,0035001WqvubXH4X50,2024-07-16,shipped,8320.92
13956620,003500Llpwq2ToWxx4,2024-01-01,shipped,6728.26
13956621,003500WNCFa8i9mLD8,2024-09-05,shipped,5218.69
13956622,0035000Y783ZSAnYFG,2024-01-21,shipped,2034.08
13956623,003500s8xjcs5gSOp7,2024-12-08,shipped,2783.64
13956624,003500OF9IAKWbntuT,2024-02-16,shipped,9289.17
13956625,0035007g72M83fh26n,2024-07-26,shipped,6267.1
13956626,0035007CjF4Mk7jMAA,2024-07-12,shipped,8790.05
13956627,003500Ad7GvPk53W3d,2024-06-17,shipped,8639.27
13956628,003500XAqDO7E7m3kT,2024-01-09,shipped,7981.28
13956629,00350042w9X544DjKy,2024-12-13,shipped,6943.33
13956630,003500k4v23wk1Rk8x,2024-07-12,shipped,3744.53
13956631,0035004EUW2ZdF89I0,2024-04-14,shipped,3333.12
13956632,003500Ki59eXfcF8wG,2024-06-28,shipped,7060.5
13956633,003500V5GBRYFcVCF0,2024-06-26,shipped,6845.97
13956634,003500w0i76HMX4ce5,2024-12-16,cancelled,9919.53
13956635,003500WK7ukc8P5Zx6,2024-07-22,shipped,8348.48
13956636,003500IVuYgZ4CDJiO,2024-04-13,shipped,8483.69
13956637,003500oNdm26460Oh6,2024-06-30,shipped,655.59
13956638,0035004c4702Lyi9BA,2024-12-16,cancelled,1017.25
13956639,00350040xG4s8O0d97,2024-04-13,shipped,2904.14
13956640,0035008SZC9q6QjTdZ,2024-03-30,shipped,3676.19
13956641,0035008Xw4lPx20b1P,2024-10-24,shipped,1567.26
13956642,003500RH41JjfM84YG,2024-09-25,shipped,3524.55
13956643,003500wDzkcOIx3ej0,2024-12-07,shipped,5701.54
13956644,003500hqU1u5BZ4H0i,2024-10-13,shipped,4529.77
13956645,003500kbDJo0lijHnW,2024-03-28,shipped,7553.25
13956646,003500173HM3eL5fTX,2024-10-14,cancelled,8739.67
13956647,003500JY74s3FgGrX7,2024-03-30,shipped,532.48
13956648,0035009y2VpvfwX5xX,2024-12-21,shipped,2471.29
13956649,003500oMXV4P569QRW,2024-09-29,shipped,1039.95
13956650,003500J3Q96yz7IWr7,2024-03-25,shipped,5157.17
13956651,003500U4z30uZbB97W,2024-05-28,shipped,9012.23
13956652,003500r0G8XeL7dP63,2024-01-21,shipped,7917.0
13956653,003500zaFsBws63pLj,2024-03-28,shipped,5982.77
13956654,003500BPrAV0l3Os4g,2024-06-07,delayed,4619.75
13956655,003500xKuE372Did9I,2024-09-08,shipped,4457.6
13956656,003500z8Ei4f51iI1M,2024-06-08,shipped,307.71
13956657,003500Lb6uVG7YKA0g,2024-04-11,shipped,484.27
13956658,0035008x0aemD0c17B,2024-10-17,shipped,6176.98
13956659,003500H6H2cdbS2fFZ,2024-12-30,shipped,5233.45
13956660,003500A1eIRd6B5s57,2024-10-09,cancelled,5954.54
13956661,0035007Bt0rZRsT4J7,2024-04-13,shipped,7802.0
13956662,003500T4wyk7WU9j4p,2024-10-13,shipped,1321.21
13956663,003500bZnpjVTw6QV5,2024-08-16,shipped,1597.59
13956664,003500aXNQm6foM9I3,2024-01-14,shipped,6122.42
13956665,003500Ob7wKq6A84Z9,2024-02-09,shipped,6525.01
13956666,00350003Llb0LG95Dr,2024-06-24,shipped,2580.31
13956667,003500S2H4s3T37yli,2024-12-06,shipped,3344.85
13956668,003500mCz0aG2bheoF,2024-07-17,shipped,4114.24
13956669,003500q3th00hlURA0,2024-05-30,shipped,9478.33
13956670,003500X7utuDkbM969,2024-02-23,shipped,9546.72
13956671,003500Ww4dl3Xu35f4,2024-10-07,shipped,9591.26
13956672,0035003U9SMHPM1mAB,2024-07-29,shipped,782.84
13956673,003500Z84V77TA6qR1,2024-11-29,shipped,9700.29
13956674,00350096R1tGJKl884,2024-12-18,shipped,7445.31
13956675,003500Xh1xGI88tIby,2024-03-14,shipped,7751.1
13956676,0035001rkz6EFX7eAg,2024-06-14,shipped,7956.81
13956677,003500v90QI0d4E2LE,2024-01-30,cancelled,6516.47
13956678,0035007Crh77lA618P,2024-07-03,cancelled,1109.66
13956679,003500wyGMNN9lsT85,2024-04-29,cancelled,1074.75
13956680,003500uY9q3SmRn44F,2024-03-15,shipped,430.82
13956681,0035008TA9yOys0041,2024-08-13,shipped,5202.44
13956682,003500783bQ2OUO8C1,2024-09-12,shipped,2283.78
13956683,003500InKbEnCUG58r,2024-04-11,shipped,1693.25
13956684,00350083eid2k0G9eC,2024-11-27,shipped,1891.06
13956685,003500WNCFa8i9mLD8,2024-09-01,shipped,4901.18
13956686,0035003rdPYx78xOcI,2024-05-31,cancelled,7878.87
13956687,003500USTY85T3KQ4f,2024-06-25,shipped,3097.8
13956688,003500I3aho217qNoL,2024-09-09,shipped,8768.26
13956689,003500viWUPlNzMIxX,2024-04-07,shipped,952.47
13956690,003500Srgb6GY10LxE,2024-01-10,cancelled,9541.22
13956691,0035005JDA8Jd38E42,2024-02-28,shipped,4577.59
13956692,003500rylCQjOkE03s,2024-11-09,shipped,5418.07
13956693,003500eslU3A7Fj7G3,2024-05-09,shipped,1365.11
13956694,003500gR8c9C6IMXj2,2024-11-25,shipped,6841.81
13956695,003500P351IXnjF8bQ,2024-02-20,shipped,4183.54
13956696,003500LgR4ZpcMC74R,2024-12-28,delayed,8166.06
13956697,003500OF9IAKWbntuT,2024-06-15,cancelled,8114.89
13956698,003500LAoKnK9c4O2w,2024-12-06,shipped,1898.16
13956699,003500ZxiH49v8wXWi,2024-03-08,delayed,9880.61
13956700,003500608Q65joyS1q,2024-04-22,shipped,5682.83
13956701,0035007Crh77lA618P,2024-02-27,shipped,8898.92
13956702,003500YG19aOSPOLB7,2024-05-14,shipped,610.66
13956703,003500eixePTfwZx6X,2024-01-17,shipped,3450.73
13956704,0035006Y9Y1ozON1c4,2024-07-28,shipped,5025.46
13956705,0035007xZ71y1j70O9,2024-11-24,shipped,1077.05
13956706,003500GQ2c0731aT97,2024-05-15,shipped,6198.04
13956707,003500MAdCt2669Asd,2024-07-08,shipped,9107.24
13956708,003500V827eC3i0H6K,2024-01-12,shipped,3324.44
13956709,00350089PyAWZ0esRx,2024-02-29,cancelled,4274.9
13956710,00350007juH5Vm1Vyc,2024-02-08,shipped,5947.57
13956711,003500dqD85T7dGlFB,2024-02-05,shipped,4378.97
13956712,003500W6n7zG9eOmxM,2024-06-10,shipped,9904.01
13956713,003500S5NvaKKZoOUD,2024-09-26,cancelled,2063.48
13956714,003500IbA8IW98703G,2024-05-01,shipped,9402.12
13956715,0035004x8a8zs4EA1F,2024-03-27,shipped,5681.53
13956716,003500R2CFF8UZHKvG,2024-01-07,shipped,7204.08
13956717,0035000Fmo0AVjuOei,2024-04-23,shipped,1587.69
13956718,003500kmv5rNGZ9rq1,2024-12-27,cancelled,1996.93
13956719,003500viWUPlNzMIxX,2024-07-20,shipped,9800.84
13956720,0035009Qr39KpU3AXR,2024-06-22,shipped,2100.98
13956721,003500Q5iNi8CLgvJ3,2024-06-18,shipped,9000.03
13956722,003500n77Oy1O8uXuO,2024-11-20,shipped,4409.86
13956723,0035001IvBl058a0uR,2024-01-02,shipped,8610.77
13956724,003500C6tp95RK3M4D,2024-05-17,shipped,9640.21
13956725,0035007LU9FUbkJrU3,2024-11-19,shipped,5391.43
13956726,0035000Z9WKBUgbT5C,2024-04-05,shipped,5494.99
13956727,003500K5MYD6hhTzX5,2024-02-21,shipped,6001.35
13956728,003500uEoO3LAf359F,2024-02-09,delayed,5263.47
13956729,003500bGxHmT3451M6,2024-10-02,shipped,9715.45
13956730,003500i2eMbdi03ylb,2024-02-21,shipped,1330.45
13956731,0035000cct2du76PK6,2024-06-28,shipped,291.08
13956732,0035006g3DrEuX1irY,2024-07-12,cancelled,3505.48
13956733,003500Un2g7d0CIV64,2024-05-18,onhold,4600.94
13956734,003500FPEmv8l721l3,2024-05-18,shipped,950.35
13956735,0035009a1f11C9aVaU,2024-06-24,cancelled,887.39
13956736,003500UcKabu6ZxHg5,2024-05-20,shipped,8085.15
13956737,0035000MY0hwX7JN6v,2024-02-18,onhold,5855.25
13956738,003500UYuJiK726qJ8,2024-06-26,shipped,3614.56
13956739,003500lWD831KRT2qt,2024-06-09,shipped,4360.46
13956740,003500P351IXnjF8bQ,2024-02-25,shipped,3409.25
13956741,003500N85rmM1UV7gZ,2024-11-02,shipped,6472.62
13956742,003500zw3jfmgkDaB7,2024-06-07,cancelled,7462.51
13956743,00350043o14C9clCly,2024-10-09,shipped,2095.26
13956744,003500Ly5VNkbu83UL,2024-08-24,shipped,1154.35
13956745,003500Uyc268JtA49V,2024-02-11,shipped,3622.12
13956746,0035005Ku2l3T7V7N9,2024-09-11,shipped,7603.13
13956747,003500BGQMu6tBvkBO,2024-03-04,shipped,8906.1
13956748,0035005L9L6il5M069,2024-05-03,shipped,9779.76
13956749,003500l5905y6nXfd1,2024-10-26,shipped,4180.98
13956750,00350025fH3m382U5i,2024-07-31,shipped,227.22
13956751,003500Jt863R5c8r94,2024-02-20,cancelled,9178.13
13956752,0035007J9MmtoyHN6O,2024-08-19,shipped,4747.74
13956753,003500i7R8BkJ6xvpI,2024-04-28,shipped,8352.19
13956754,0035002vJ4t6FuiEhl,2024-07-23,shipped,1351.73
13956755,003500EjJY1b59MdZA,2024-10-03,shipped,9971.36
13956756,003500RwA71J70tnZ7,2024-07-02,shipped,5972.52
13956757,003500uo4a57f5zCt2,2024-10-06,shipped,2624.85
13956758,003500uK0PAjW9keUp,2024-09-16,shipped,7135.11
13956759,003500zoMfRzN9s33s,2024-04-22,cancelled,3138.86
13956760,003500ahOjM66J9e53,2024-11-01,shipped,1364.55
13956761,003500856OnMVb4D0Y,2024-05-01,shipped,8433.68
13956762,003500hI7Cp4q74NmM,2024-02-09,shipped,3136.35
13956763,0035007753zIHQ04yM,2024-10-19,cancelled,4550.7
13956764,00350077276mVu8zlf,2024-11-17,shipped,4645.91
13956765,003500u7PXn913FHom,2024-06-19,shipped,3629.45
13956766,003500KL9YE64cU4x4,2024-07-17,cancelled,9576.2
13956767,003500ZZbw99bMj0JS,2024-05-29,shipped,525.66
13956768,003500LqYno87dkzD4,2024-03-21,cancelled,2515.81
13956769,003500seF83nQRI38z,2024-11-25,shipped,3747.44
13956770,003500Fs0pGtX87dJ9,2024-06-05,shipped,3884.79
13956771,003500xKuE372Did9I,2024-07-16,shipped,7063.11
13956772,003500v405TS8Trvz2,2024-04-21,cancelled,6274.62
13956773,003500nc2Xik69RO7g,2024-08-13,shipped,571.44
13956774,003500M2cE7oe9NFUZ,2024-01-06,shipped,1401.54
13956775,003500x4YZ2ccPNiF0,2024-10-06,shipped,8587.47
13956776,0035002AiPES5C5D76,2024-10-08,shipped,3293.51
13956777,0035007iB1md1qM90m,2024-02-26,shipped,2744.38
13956778,003500Nrb7Zl1H6F59,2024-07-11,shipped,7798.61
13956779,003500vPhe4u0a3788,2024-03-18,shipped,6664.95
13956780,003500emxykY34PTXp,2024-09-25,shipped,3095.72
13956781,003500EFjuKH1c2vj6,2024-09-26,shipped,2468.28
13956782,003500RH41JjfM84YG,2024-11-21,shipped,9491.49
13956783,0035004Ocxfpy8d1PR,2024-06-16,shipped,6492.62
13956784,003500i2eMbdi03ylb,2024-06-07,cancelled,9105.93
13956785,003500MauCd2t5Vt33,2024-02-25,delayed,1674.86
13956786,003500k4v23wk1Rk8x,2024-09-13,shipped,9649.9
13956787,0035005cZP8a7zr8AT,2024-03-10,cancelled,3645.2
13956788,003500Q2s1vEJ9Dw7K,2024-06-11,cancelled,3287.47
13956789,003500q3VZq6EvX680,2024-02-18,onhold,4084.29
13956790,003500EjJY1b59MdZA,2024-02-24,shipped,9935.34
13956791,003500log9I3624a0G,2024-04-14,shipped,6612.27
13956792,003500hSRvM15mfUop,2024-11-16,shipped,4037.35
13956793,003500q9132n07K0BV,2024-01-30,shipped,7169.33
13956794,003500nRdG2sp05ioj,2024-10-25,shipped,4630.32
13956795,003500v5o9O8C42L2q,2024-06-26,shipped,1970.67
13956796,0035002VzNcb9s1Kpq,2024-10-19,shipped,9348.16
13956797,003500v405TS8Trvz2,2024-04-02,shipped,2595.0
13956798,0035005Ku2l3T7V7N9,2024-06-05,shipped,7018.43
13956799,003500xw1W1u0ZGqaL,2024-10-11,shipped,2205.75
13956800,00350055x0IuEeNwgb,2024-03-11,delayed,2892.61
13956801,003500q8ah18C8MHk7,2024-05-16,shipped,3826.66
13956802,003500D07gx51e0w49,2024-07-13,shipped,2556.67
13956803,003500AvnQ8h9sqtu2,2024-01-19,shipped,2873.63
13956804,003500GrHQOL2gN4tk,2024-09-28,shipped,9565.31
13956805,00350084ZF3p08X4fS,2024-11-25,shipped,2822.46
13956806,00350049a5cED8sZfw,2024-03-05,shipped,2701.71
13956807,0035002LqcCzE3H31U,2024-09-10,onhold,8424.6
13956808,003500P4JBAE7H0NuX,2024-01-31,shipped,9362.74
13956809,003500A13Bd82h4CzK,2024-02-10,shipped,6199.55
13956810,00350043o14C9clCly,2024-01-07,delayed,2535.14
13956811,0035003Y7JEM54A8iT,2024-05-25,cancelled,3297.53
13956812,0035005U0LL59bs4pt,2024-07-24,delayed,3041.87
13956813,003500An3Wdvn9ittv,2024-11-02,shipped,7627.82
13956814,003500uIYQTB26kwnB,2024-03-05,shipped,5517.65
13956815,0035007zG2HV32Eh32,2024-01-12,shipped,8481.38
13956816,003500x1kOs78Z17Xe,2024-01-16,shipped,2878.26
13956817,0035009po7cNb44080,2024-10-12,shipped,1139.48
13956818,003500I2JVj0e32rc6,2024-12-15,cancelled,1974.98
13956819,003500BDIa153NYoMD,2024-02-09,cancelled,2127.38
13956820,0035001L6Rp0Pf25dG,2024-07-12,shipped,8838.05
13956821,0035007w13g0FOgjH0,2024-02-17,shipped,1125.5
13956822,003500WKc2KN176k85,2024-11-20,onhold,769.37
13956823,00350072m74A3t32p9,2024-04-23,cancelled,5554.03
13956824,0035009y2VpvfwX5xX,2024-02-27,shipped,3094.46
13956825,003500bcSG2KOnXTYZ,2024-12-27,cancelled,9319.38
13956826,003500pMgt8vx52NOc,2024-05-09,shipped,3714.1
13956827,003500uXUb01Z9y6WC,2024-11-09,shipped,3318.92
13956828,003500M156J68NZa5f,2024-12-29,shipped,6713.08
13956829,00350007juH5Vm1Vyc,2024-05-22,shipped,6406.87
13956830,003500RwA71J70tnZ7,2024-02-27,cancelled,4549.5
13956831,003500UVWe2t11d96D,2024-12-17,shipped,7122.86
13956832,00350016770n2gBxVV,2024-01-14,cancelled,9249.76
13956833,0035007LU9FUbkJrU3,2024-10-01,shipped,4088.64
13956834,0035003Xgg2dDhmjRB,2024-02-09,shipped,6204.33
13956835,0035005rpDObIEf7zh,2024-03-29,shipped,7899.14
13956836,003500yBam6Qk2tb0j,2024-07-17,shipped,4828.71
13956837,00350098bBJpI0tOEo,2024-11-20,shipped,4152.77
13956838,003500rW0PlP1j33E3,2024-08-04,shipped,5909.29
13956839,003500M2cE7oe9NFUZ,2024-02-12,shipped,5085.49
13956840,003500T3AFbMci9dfq,2024-11-15,shipped,5777.75
13956841,00350011T0WQN6L892,2024-05-21,shipped,9917.33
13956842,0035007DedCTkexc9E,2024-11-27,shipped,5543.92
13956843,003500173HM3eL5fTX,2024-06-27,shipped,4359.93
13956844,003500r84T4zkK8xb2,2024-08-26,shipped,9438.01
13956845,0035007sh0XhWOc0uG,2024-07-22,shipped,4047.69
13956846,003500G13TipebHTQu,2024-09-02,shipped,4628.49
13956847,003500cm9UM26A9bU8,2024-12-18,shipped,1249.14
13956848,003500Y8z340Bu22bm,2024-11-02,shipped,998.76
13956849,003500g451zyA7TuD2,2024-05-08,shipped,2449.47
13956850,003500En0uYVN74XCE,2024-06-12,shipped,276.78
13956851,003500x97FXeko1Ta4,2024-03-23,onhold,9235.11
13956852,00350098040043zVN8,2024-02-21,shipped,6542.82
13956853,0035003nK33vU0y5vS,2024-12-12,shipped,8330.8
13956854,003500crke5TM8XGQ7,2024-04-12,shipped,5172.13
13956855,0035002AiPES5C5D76,2024-02-28,shipped,4325.0
13956856,003500UYuJiK726qJ8,2024-10-18,shipped,8151.91
13956857,0035005rpDObIEf7zh,2024-02-20,shipped,6354.77
13956858,003500dkfZapy8p1k6,2024-07-15,shipped,7313.32
13956859,003500oS7XRqSuGyQ2,2024-10-29,shipped,8991.54
13956860,003500UVWe2t11d96D,2024-08-03,shipped,5119.83
13956861,003500V827eC3i0H6K,2024-01-11,shipped,2553.82
13956862,0035003F1LuB38Vx1H,2024-09-04,shipped,2641.9
13956863,0035007d5ifYxgSYSh,2024-03-05,cancelled,1969.54
13956864,0035003ZVpsNlpn40V,2024-05-10,shipped,7470.67
13956865,003500V4goNW9WdiL6,2024-05-26,onhold,9213.33
13956866,003500YG19aOSPOLB7,2024-09-29,shipped,8780.35
13956867,003500e7SM5I5QFh54,2024-08-06,shipped,8449.85
13956868,0035006nK6uUMMk0Dg,2024-02-02,cancelled,6294.4
13956869,003500j12IospCgI2a,2024-07-26,shipped,146.74
13956870,003500k0ao15ExTl4Y,2024-10-16,shipped,1988.1
13956871,003500uVhAjX1qfw1V,2024-01-20,shipped,2870.99
13956872,0035002aAowk63QeJO,2024-12-16,shipped,580.2
13956873,003500GQ2c0731aT97,2024-04-04,shipped,6611.16
13956874,0035004iivu1Gw2G33,2024-02-27,shipped,3850.65
13956875,003500y1n0D6tNV5U1,2024-06-20,shipped,9970.75
13956876,003500qia36V43b243,2024-07-11,shipped,1876.05
13956877,003500SNzg10eV2IKL,2024-04-30,shipped,2289.53
13956878,00350017m0323py3k4,2024-05-06,shipped,7963.78
13956879,003500z7HiN66M9tk4,2024-03-15,cancelled,2379.78
13956880,003500UwMRXAT27ijt,2024-11-03,shipped,9181.5
13956881,0035002VzNcb9s1Kpq,2024-06-13,shipped,3281.9
13956882,003500a5aJ1C4HX9WT,2024-02-02,shipped,8458.31
13956883,003500UaQAZbl2Td7d,2024-12-28,shipped,6420.23
13956884,0035009TKe2TX5O400,2024-12-09,shipped,120.63
13956885,003500R3g40XOKy1jV,2024-07-15,shipped,6383.07
13956886,003500Y1Bj7CroGM24,2024-07-09,shipped,2097.35
13956887,003500MAdCt2669Asd,2024-09-07,shipped,2986.8
13956888,003500mFZeu1edNk2l,2024-10-03,cancelled,2317.53
13956889,003500z8Ei4f51iI1M,2024-02-22,cancelled,8745.09
13956890,003500uhf01ik2iBi5,2024-09-05,shipped,3454.85
13956891,0035006RWizoJy25w8,2024-08-19,shipped,8292.45
13956892,003500JY74s3FgGrX7,2024-04-19,shipped,8703.42
13956893,00350005025X71HuU7,2024-04-21,shipped,9859.03
13956894,00350058dSB2Z93Oyy,2024-09-08,shipped,7103.89
13956895,003500F3HusU9PiDxb,2024-03-20,shipped,2918.53
13956896,0035001v2AN8mAaBQz,2024-02-03,shipped,1637.66
13956897,003500L2opLW35xtPz,2024-02-21,shipped,2963.36
13956898,003500KYwZ7bGySsY7,2024-04-15,shipped,1448.99
13956899,003500pEz07K05Omk5,2024-02-18,shipped,9911.68
13956900,003500MAf5FNFoUTtf,2024-09-25,shipped,7713.53
13956901,003500e47qH2X3BBcW,2024-04-21,shipped,2086.76
13956902,00350097RmSv7cXi57,2024-11-15,shipped,355.39
13956903,0035001IvBl058a0uR,2024-02-16,shipped,860.82
13956904,003500mbTQl0I7Ixw0,2024-11-23,shipped,4190.47
13956905,0035007Z1fSX6Dk4rQ,2024-03-04,shipped,2329.1
13956906,003500oVL7G00f8Z03,2024-04-02,shipped,9506.35
13956907,003500j7tuH99llaGq,2024-09-29,shipped,9231.42
13956908,003500r1lfS5ciENWK,2024-03-15,shipped,8352.44
13956909,0035007u37z527zb2B,2024-10-03,shipped,2664.59
13956910,003500MauCd2t5Vt33,2024-08-19,cancelled,3993.53
13956911,0035008OPxC0Y4t2yT,2024-11-18,shipped,756.2
13956912,0035009z9ODOhwRb7w,2024-03-21,cancelled,2941.66
13956913,003500W88P8MbnLN2V,2024-02-29,cancelled,2440.07
13956914,003500Mw7nvIB971Ez,2024-06-14,shipped,717.5
13956915,003500NEaR241yPl4O,2024-05-02,cancelled,2507.86
13956916,003500H8Mq06w1Z6L1,2024-01-18,shipped,7849.68
13956917,003500x97FXeko1Ta4,2024-02-04,shipped,7461.8
13956918,003500gDN711iM7wUw,2024-12-12,shipped,9457.73
13956919,0035007CjF4Mk7jMAA,2024-01-08,shipped,7817.6
13956920,00350053e63OZfRP60,2024-12-24,shipped,5998.49
13956921,0035007d5ifYxgSYSh,2024-12-11,shipped,4068.75
13956922,003500v5o9O8C42L2q,2024-05-22,shipped,8596.58
13956923,003500EAt2wyw3IIgI,2024-06-10,cancelled,8622.89
13956924,003500il37mIF4FgH7,2024-10-28,shipped,1287.16
13956925,003500Zs6s2zj1bo7k,2024-01-29,shipped,641.76
13956926,003500l3hW3o8G14uW,2024-10-10,shipped,2104.91
13956927,0035009z0SHfSG9iy0,2024-10-20,shipped,6046.35
13956928,003500Llpwq2ToWxx4,2024-11-21,shipped,955.3
13956929,003500fTITU7DGb30k,2024-05-01,cancelled,1759.3
13956930,003500fx8rnDC6ws8x,2024-05-25,shipped,5912.32
13956931,003500v7PpUn8jggx1,2024-09-10,shipped,489.32
13956932,003500Mw7nvIB971Ez,2024-01-15,shipped,538.17
13956933,003500VWPf5Et2364l,2024-10-01,shipped,4877.01
13956934,003500QZuUuv21zf1J,2024-02-10,shipped,4212.65
13956935,003500log9I3624a0G,2024-02-25,shipped,9039.07
13956936,003500qLYLf2M9lEyh,2024-06-04,shipped,7991.02
13956937,0035004iivu1Gw2G33,2024-06-30,shipped,8098.88
13956938,003500Kjvx0rqu1832,2024-01-30,shipped,8869.41
13956939,003500KAD1Rg52jlA4,2024-03-25,shipped,9050.63
13956940,00350072Fu4z80YkJb,2024-07-31,shipped,8470.51
13956941,003500pMgt8vx52NOc,2024-04-16,cancelled,6912.46
13956942,003500r0G8XeL7dP63,2024-11-14,shipped,9706.59
13956943,003500oG080ZQ62fdG,2024-07-06,shipped,6361.48
13956944,0035008tOwSsU7F6kx,2024-08-22,shipped,3148.26
13956945,0035001O5jYk1YJw65,2024-08-14,shipped,8490.58
13956946,0035004ESVD6x3N2VZ,2024-03-09,shipped,9348.58
13956947,003500q9132n07K0BV,2024-03-07,shipped,8113.94
13956948,003500NJM3uu4GfR17,2024-04-19,onhold,7047.15
13956949,003500eslU3A7Fj7G3,2024-01-09,shipped,5896.9
13956950,003500JbbH76Od1Tea,2024-08-03,shipped,5022.63
13956951,003500w2C2Cp536aWt,2024-09-20,cancelled,6050.78
13956952,003500bz7XmcyvfIeA,2024-01-10,shipped,6439.62
13956953,003500dg4X5NO3N7sU,2024-02-17,shipped,2825.12
13956954,003500v6cf69C4l7k6,2024-09-11,shipped,7854.58
13956955,0035007753zIHQ04yM,2024-11-01,delayed,7070.82
13956956,00350018wfzm6NTg48,2024-02-17,cancelled,260.33
13956957,0035006Dxyk6EbEm4e,2024-07-14,cancelled,2592.41
13956958,0035005rpDObIEf7zh,2024-12-18,shipped,3018.19
13956959,0035002VzNcb9s1Kpq,2024-06-30,shipped,4385.46
13956960,003500DbcXaJe64OE7,2024-01-05,shipped,8475.23
13956961,003500XO0B6f3gq38K,2024-12-25,cancelled,645.67
13956962,003500LhRAcuwJxpBz,2024-08-20,shipped,6116.03
13956963,00350097RmSv7cXi57,2024-03-21,shipped,3212.11
13956964,003500338SElwLOJaH,2024-05-30,shipped,7770.5
13956965,003500EaLU8y49c0dr,2024-12-07,shipped,7884.79
13956966,003500KIh3532wjCb9,2024-04-27,shipped,574.96
13956967,0035008x0aemD0c17B,2024-06-30,shipped,4252.57
13956968,003500CsitiV9Ng54R,2024-07-21,shipped,5949.68
13956969,003500yYfKRIdkZAwK,2024-10-31,onhold,7601.75
13956970,0035006305els4r2Oa,2024-02-04,shipped,6005.73
13956971,0035001qG8xHZy8vMH,2024-11-09,shipped,5233.52
13956972,003500NKCSs2L9PHtL,2024-11-17,shipped,9769.88
13956973,0035003nK33vU0y5vS,2024-02-28,shipped,9507.82
13956974,003500bcSG2KOnXTYZ,2024-06-23,shipped,4505.34
13956975,0035004b80lnYawf8v,2024-09-18,shipped,2849.08
13956976,0035006fDg6DFSm34e,2024-03-06,shipped,5480.44
13956977,003500fx8rnDC6ws8x,2024-02-02,shipped,733.26
13956978,003500JII32LdyMkL6,2024-06-06,shipped,2617.1
13956979,0035000o3nReb4v20Y,2024-10-04,cancelled,4114.03
13956980,003500bRso0mELsXG8,2024-12-28,cancelled,1468.68
13956981,00350043DT52gs2gR6,2024-10-23,shipped,5359.06
13956982,0035009iCQ14Zd8Ehu,2024-10-03,shipped,6393.23
13956983,003500tu83uv0QMijI,2024-09-17,shipped,8167.52
13956984,00350084uo886DHrDb,2024-01-19,cancelled,4006.45
13956985,0035004c4702Lyi9BA,2024-02-20,shipped,2841.24
13956986,0035005L9L6il5M069,2024-02-02,shipped,8970.64
13956987,003500iyWR4mPAzhXd,2024-03-30,shipped,1349.73
13956988,003500ZxiH49v8wXWi,2024-08-28,shipped,3843.6
13956989,0035008RYDeWB9snPR,2024-01-08,shipped,664.07
13956990,0035006Y9Y1ozON1c4,2024-01-31,cancelled,2443.52
13956991,0035008rYt02UMKZ8A,2024-05-15,cancelled,1332.57
13956992,003500s0FzSieE3a8A,2024-05-02,cancelled,6079.2
13956993,003500zFesH2wD60xW,2024-05-10,shipped,1770.43
13956994,003500u1q0gBF00Co3,2024-05-18,shipped,3609.12
13956995,003500JII32LdyMkL6,2024-11-29,shipped,5058.68
13956996,003500TjX1Z09Sa135,2024-02-28,shipped,7772.8
13956997,00350037b9Q9IdE9vw,2024-04-13,shipped,8820.83
13956998,003500ou6m7nwoM97f,2024-08-27,cancelled,292.15
13956999,003500LJ3eRQiwh8v0,2024-04-30,shipped,4428.46
13957000,003500J0I0Hp2ZIjXJ,2024-02-16,shipped,8440.69
13957001,00350003rHTbZ7wrP7,2024-01-19,shipped,4590.5
13957002,003500fx8rnDC6ws8x,2024-10-13,shipped,8082.66
13957003,003500v941LL10YNMG,2024-06-10,cancelled,8372.25
13957004,003500GFd2XfP8J8LB,2024-06-10,shipped,3922.25
13957005,003500h2NF1MT9oLyo,2024-02-22,shipped,1100.52
13957006,003500JZPp11t1JvtL,2024-06-18,shipped,255.81
13957007,003500w2C2Cp536aWt,2024-10-02,shipped,9308.43
13957008,003500J68QFWrf7IWP,2024-04-01,shipped,4715.77
13957009,003500jfvOM6nIc8aO,2024-01-11,shipped,5968.07
13957010,003500UXAT931P60Lv,2024-08-05,cancelled,6962.39
13957011,003500Q1THpJI1q4od,2024-01-12,shipped,5304.77
13957012,003500nHP4QFwNgMt7,2024-06-22,onhold,4018.31
13957013,003500Z9Z4H9vD1m07,2024-05-17,shipped,405.99
13957014,003500X5UpnF320gMu,2024-12-02,shipped,9147.79
13957015,003500q8ah18C8MHk7,2024-12-01,shipped,8988.37
13957016,0035007xZ71y1j70O9,2024-03-14,shipped,8336.61
13957017,003500rJLf39z312O0,2024-03-02,shipped,9292.55
13957018,003500h4JFxVwEiFD6,2024-09-20,shipped,8292.76
13957019,00350039Bj8eVuc657,2024-09-27,shipped,8416.49
13957020,00350017m0323py3k4,2024-05-14,cancelled,7176.71
13957021,003500g5Jg43GFKsZ1,2024-07-10,shipped,8082.91
13957022,003500VBW2FeR0K6uo,2024-01-22,shipped,1515.51
13957023,0035009pspHe8rho3g,2024-01-18,onhold,683.71
13957024,003500oLbu9h0adfsY,2024-10-26,shipped,6393.16
13957025,003500r0G8XeL7dP63,2024-07-13,shipped,4717.76
13957026,003500P0s6k6UBz9e6,2024-07-06,shipped,5465.25
13957027,003500ecp978m2TL64,2024-01-23,shipped,4160.03
13957028,003500t378q1pFgjh7,2024-02-26,shipped,8717.65
13957029,0035005pgMY4hK8mqp,2024-06-19,delayed,5197.05
13957030,003500Zs6s2zj1bo7k,2024-04-14,shipped,4461.75
13957031,0035008OPxC0Y4t2yT,2024-06-19,shipped,4605.77
13957032,0035002G50oJ87FR79,2024-09-14,shipped,7567.45
13957033,003500rPjnGj552CWZ,2024-11-19,shipped,2793.0
13957034,0035007d5ifYxgSYSh,2024-07-06,shipped,7022.45
13957035,00350022go27p6N1HQ,2024-01-04,shipped,5653.74
13957036,0035006Dxyk6EbEm4e,2024-05-05,shipped,4403.02
13957037,0035006KUqtc29t6wY,2024-03-12,shipped,3143.84
13957038,0035005xklM0MO9Mgk,2024-02-05,shipped,1753.04
13957039,0035007ck8vr313ojO,2024-08-01,cancelled,2045.26
13957040,003500pmFONlsf3bAe,2024-11-03,shipped,3398.55
13957041,003500NG12z9Nn3LU5,2024-05-29,shipped,705.45
13957042,0035000cR0E2vOfV9I,2024-08-09,shipped,4508.01
13957043,0035007CjF4Mk7jMAA,2024-08-24,shipped,4698.91
13957044,0035004yKP4zzWisjH,2024-03-01,shipped,7413.66
13957045,003500i3DmdB6MVBr0,2024-07-28,shipped,6735.49
13957046,0035007Ok2x6C2xd11,2024-04-28,shipped,4919.16
13957047,003500UVWe2t11d96D,2024-05-20,shipped,2848.44
13957048,0035005cZP8a7zr8AT,2024-09-25,shipped,9452.3
13957049,0035008Xw4lPx20b1P,2024-05-15,shipped,2311.86
13957050,0035005IELslBkD1VX,2024-11-19,shipped,8643.89
13957051,003500jl2Cu84MiDRG,2024-05-13,shipped,7565.49
13957052,003500kmv5rNGZ9rq1,2024-09-17,delayed,2271.51
13957053,0035001tt3BBU244ge,2024-08-04,shipped,3628.17
13957054,00350081SpYV3Es9bK,2024-11-12,shipped,7275.33
13957055,003500l7tvrc9G4AR2,2024-07-15,shipped,5950.75
13957056,003500oLbu9h0adfsY,2024-04-06,shipped,8780.0
13957057,00350043f8Q3Pf5rbA,2024-07-12,shipped,1357.36
13957058,0035008761x27b27KF,2024-04-10,shipped,2122.13
13957059,003500D07gx51e0w49,2024-09-10,cancelled,9715.48
13957060,003500iEDx2VU4soUv,2024-01-29,shipped,5554.2
13957061,0035004c4702Lyi9BA,2024-08-31,shipped,5330.34
13957062,003500c2yn019wihgL,2024-03-29,shipped,6920.91
13957063,003500oVL7G00f8Z03,2024-08-06,shipped,7376.01
13957064,003500EjJY1b59MdZA,2024-11-04,shipped,427.44
13957065,00350042S87Kf9s59E,2024-12-16,shipped,2310.14
13957066,003500hI7Cp4q74NmM,2024-11-05,shipped,4463.68
13957067,00350020b63yV5Sv13,2024-05-09,shipped,1073.23
13957068,003500h4SyV5eG4B8K,2024-08-09,shipped,1671.95
13957069,003500n3Ds5FtcNDR6,2024-10-15,shipped,3196.55
13957070,003500tgRXqGOhf3Xv,2024-03-09,shipped,3518.71
13957071,003500S2H4s3T37yli,2024-02-08,shipped,7611.55
13957072,003500rJLf39z312O0,2024-08-14,shipped,6829.88
13957073,003500V5GBRYFcVCF0,2024-07-26,shipped,7854.67
13957074,003500ZSnJBdE9wMnA,2024-06-03,shipped,636.72
13957075,003500l5905y6nXfd1,2024-12-09,shipped,351.87
13957076,003500wTOyRaMGi59V,2024-09-30,shipped,8823.08
13957077,003500lVp9KJ4vFDvM,2024-03-04,shipped,2897.99
13957078,003500Micx917F1atg,2024-07-16,cancelled,2130.55
13957079,003500RH41JjfM84YG,2024-08-10,shipped,7775.35
13957080,003500aum78SWcKyze,2024-09-29,shipped,6939.5
13957081,0035000kfOAP3f6q86,2024-02-10,cancelled,3684.31
13957082,003500j0yhN2s03RWS,2024-09-04,cancelled,5773.96
13957083,003500IbA8IW98703G,2024-01-21,shipped,2746.78
13957084,003500giiXfKQ6275u,2024-06-26,shipped,8751.26
13957085,003500s56Sn5342hl2,2024-04-19,shipped,765.54
13957086,003500Y8z340Bu22bm,2024-12-01,shipped,7913.4
13957087,003500v5o9O8C42L2q,2024-05-15,shipped,6070.31
13957088,003500An3Wdvn9ittv,2024-12-15,shipped,6060.26
13957089,003500kbDJo0lijHnW,2024-07-15,shipped,4333.04
13957090,00350072m74A3t32p9,2024-02-08,shipped,7684.42
13957091,003500bc4ln30oVsmw,2024-08-03,shipped,3057.21
13957092,00350098rfLkUlL4vM,2024-08-13,cancelled,5731.64
13957093,003500wL16l6fSv4Hd,2024-02-29,shipped,8165.38
13957094,003500P0s6k6UBz9e6,2024-01-12,shipped,4453.28
13957095,00350043o14C9clCly,2024-04-06,shipped,8818.4
13957096,003500dxuF5cwjp07h,2024-03-13,shipped,8439.73
13957097,003500C9NOfM403gH7,2024-06-13,shipped,9969.2
13957098,0035002YV3Rf7FolZ8,2024-12-11,shipped,9592.57
13957099,003500M76Kvuu41N4w,2024-05-29,shipped,8472.16
13957100,003500KW63uRwRLkv9,2024-02-18,shipped,8072.16
13957101,0035000tS8hz8AAlRg,2024-10-16,shipped,9690.59
13957102,003500H077tyZkVt27,2024-02-20,shipped,3309.85
13957103,003500RUqMvos4Nfr1,2024-12-29,shipped,7414.16
13957104,003500Xk03D69LZun2,2024-03-18,cancelled,469.46
13957105,003500RM8KG5TuAj18,2024-12-03,shipped,2555.3
13957106,003500RH41JjfM84YG,2024-04-30,shipped,1921.38
13957107,00350003Llb0LG95Dr,2024-12-21,shipped,5378.75
13957108,00350037b9Q9IdE9vw,2024-01-19,shipped,1407.76
13957109,003500o3sS96o99I43,2024-07-22,shipped,4548.66
13957110,0035007w13g0FOgjH0,2024-06-10,shipped,1382.8
13957111,003500Ki59eXfcF8wG,2024-07-22,onhold,2194.71
13957112,003500I7W6UNK50r0L,2024-07-16,shipped,4928.34
13957113,003500emxykY34PTXp,2024-09-12,shipped,5959.18
13957114,003500dtbK9U27abPM,2024-02-26,shipped,5271.48
13957115,003500X3S8Wj8U1T4Y,2024-01-09,shipped,1184.21
13957116,00350097RmSv7cXi57,2024-11-02,shipped,2983.41
13957117,003500h2NF1MT9oLyo,2024-11-18,shipped,5371.14
13957118,003500HqJvkA1hs98g,2024-08-12,shipped,8264.73
13957119,003500A1eIRd6B5s57,2024-11-18,cancelled,4958.09
13957120,003500U4z30uZbB97W,2024-02-02,shipped,1115.13
13957121,003500O695RaO6b8k0,2024-02-16,shipped,894.17
13957122,003500IUQv80JmV4RS,2024-12-22,shipped,6917.04
13957123,003500Ww4dl3Xu35f4,2024-11-27,cancelled,9136.96
13957124,003500h140Ec9b35UX,2024-11-13,shipped,4238.73
13957125,00350026J6V0AWLsd2,2024-06-17,shipped,7827.78
13957126,003500ahOjM66J9e53,2024-02-05,shipped,7003.75
13957127,003500UUU47zP74VWU,2024-06-19,shipped,3606.88
13957128,0035008p2i9OPJ0v79,2024-06-30,shipped,3943.6
13957129,003500Vo93GM8nBq9z,2024-01-21,shipped,8816.5
13957130,003500h5TGE5Q56Cl9,2024-12-04,shipped,2219.24
13957131,003500XO0B6f3gq38K,2024-08-27,shipped,7719.97
13957132,00350075u1wq1qj6LT,2024-02-07,shipped,9378.41
13957133,003500d0HARwL4BmU6,2024-02-07,shipped,6567.66
13957134,003500e7SM5I5QFh54,2024-12-13,cancelled,848.97
13957135,0035007PT8A05k6X6w,2024-07-07,shipped,982.48
13957136,0035007wc9l8dg3z6c,2024-10-16,shipped,2094.86
13957137,003500kmv5rNGZ9rq1,2024-08-15,shipped,3589.96
13957138,003500orAYmoZ5d44o,2024-07-02,cancelled,3864.49
13957139,0035003pPieRg8DZJ7,2024-05-14,shipped,5760.21
13957140,0035000o3nReb4v20Y,2024-05-30,shipped,3488.84
13957141,003500A24o2PH8GIw0,2024-07-16,shipped,1731.1
13957142,003500WEyt13CtVgmT,2024-04-12,shipped,9453.05
13957143,003500Ob7wKq6A84Z9,2024-10-19,shipped,9747.9
13957144,003500FPEmv8l721l3,2024-08-29,shipped,4653.84
13957145,003500NKCSs2L9PHtL,2024-09-26,shipped,1780.5
13957146,0035005w4Iw9joW3zz,2024-04-20,shipped,9283.87
13957147,0035009a1f11C9aVaU,2024-04-01,shipped,2415.15
13957148,0035003Xgg2dDhmjRB,2024-01-21,shipped,8396.31
13957149,003500S2ZJz8u3LvE9,2024-11-29,shipped,9440.2
13957150,003500C9NOfM403gH7,2024-07-17,shipped,9247.17
13957151,0035001zqf1WDL3l0N,2024-08-13,shipped,5616.42
13957152,003500KL9YE64cU4x4,2024-08-15,shipped,2706.43
13957153,003500JOJ6efe43a5q,2024-01-26,shipped,2296.52
13957154,003500I7o2jY58yJT9,2024-02-28,shipped,4450.35
13957155,003500n77Oy1O8uXuO,2024-03-05,shipped,3177.57
13957156,003500Lb6uVG7YKA0g,2024-01-08,shipped,6288.75
13957157,0035005Wi8miH01aJL,2024-04-17,shipped,238.63
13957158,0035006nK6uUMMk0Dg,2024-10-17,shipped,100.65
13957159,003500BkaFX74w4gR5,2024-12-24,shipped,8313.99
13957160,003500LgR4ZpcMC74R,2024-11-23,shipped,3821.54
13957161,003500lWD831KRT2qt,2024-12-28,shipped,5795.95
13957162,003500z3gvw5rI7575,2024-12-24,shipped,1493.23
13957163,003500ZxiH49v8wXWi,2024-01-11,shipped,9864.89
13957164,003500wDzkcOIx3ej0,2024-05-04,shipped,9785.32
13957165,0035009Hy8xWstsWZd,2024-04-29,shipped,3939.72
13957166,00350031Kld8yClXC7,2024-05-01,shipped,1273.8
13957167,003500UUU47zP74VWU,2024-03-16,shipped,3504.91
13957168,003500M3b2zNnCiTAb,2024-10-09,shipped,8985.04
13957169,003500395RWMk34B95,2024-12-19,shipped,4222.63
13957170,0035004CU6GdQdtwqG,2024-12-28,shipped,4876.99
13957171,003500Vo93GM8nBq9z,2024-06-19,shipped,2248.84
13957172,003500Atgy21c3n3k3,2024-12-23,shipped,8372.69
13957173,003500P4JBAE7H0NuX,2024-11-22,shipped,6256.96
13957174,0035006fDg6DFSm34e,2024-06-15,shipped,576.78
13957175,003500aZoa231CI2RN,2024-06-19,shipped,9141.61
13957176,003500kbDJo0lijHnW,2024-08-28,shipped,9498.28
13957177,0035004dNrG87mlX6e,2024-07-09,shipped,4271.06
13957178,003500i7R8BkJ6xvpI,2024-01-15,shipped,7414.16
13957179,00350013ToOKS8HZw3,2024-05-22,shipped,8883.2
13957180,003500AvnQ8h9sqtu2,2024-05-12,shipped,2774.32
13957181,003500G13TipebHTQu,2024-04-15,shipped,7584.34
13957182,0035000TXz3w03I0LG,2024-01-21,cancelled,8582.24
13957183,0035006O8qH5W8AA3Z,2024-10-10,shipped,1679.89
13957184,003500MuInHG2OMzGh,2024-10-25,shipped,2452.65
13957185,003500C822642I6m6w,2024-07-10,shipped,4607.61
13957186,003500RmS3c5H433aB,2024-12-17,shipped,540.43
13957187,003500UVWe2t11d96D,2024-12-03,shipped,3966.04
